AttrID,Name,Price,Status,NumStaff
1,Rowdy RollerCoaster,5,Running,2
2,Lousy LogFlume,3,Running,5
3,Quick Burgers and Fries,1,Running,15
4,Icy IceCream Stand,1,Running,5
5,Trusty Theatre,15,Running,1

CustID,Fname,Lname,Age,Height
1,Alex,Lewis,15,5.0
2,John,Frank,20,5.1
3,Mike,White,25,5.2
4,Steve,Brown,30,5.3
5,Janice,LeVon,35,5.4
6,Oliver,Lewis,15,5.0
7,Jack,Frank,20,5.1
8,Harry,White,25,5.2
9,Jacob,Brown,30,5.3
10,Charlie,LeVon,35,5.4
11,Thomas,Lewis,15,5.0
12,George,Frank,20,5.1
13,Oscar,White,25,5.2
14,James,Brown,30,5.3
15,William,LeVon,35,5.4
16,Jake,Lewis,15,5.0
17,Callum,Frank,20,5.1
18,Connor,White,25,5.2
19,Jacob,Brown,30,5.3
20,Kyle,LeVon,35,5.4
21,Joe,Lewis,15,5.0
22,Reece,Frank,20,5.1
23,Rhys,White,25,5.2
24,Charlie,Brown,30,5.3
25,Damian,LeVon,35,5.4
26,Noah,Lewis,15,5.0
27,Liam,Frank,20,5.1
28,Jacob,White,25,5.2
29,William,Brown,30,5.3
30,Ethan,LeVon,35,5.4
31,Michael,Lewis,15,5.0
32,Alexander,Frank,20,5.1
33,Mike,White,25,5.2
34,James,Brown,30,5.3
35,Daniel,LeVon,35,5.4
36,Margaret,Lewis,15,5.0
37,Emma,Frank,20,5.1
38,Sophia,White,25,5.2
39,Patricia,Brown,30,5.3
40,Elizabeth,LeVon,35,5.4
41,Amelia,Lewis,15,5.0
42,John,Frank,20,5.1
43,Susan,White,25,5.2
44,Jessica,Brown,30,5.3
45,Isabella,LeVon,35,5.4
46,Charlotte,Lewis,15,5.0
47,Mary,Frank,20,5.1
48,Pat,White,25,5.2
49,Neil,Brown,30,5.3
50,Linda,LeVon,35,5.4

InterID,CustID,Fname,Lname,Age,Height,AttrID,Name,Price,Status,NumStaff,Date,Duration
34,14,James,Brown,30,5.3,3,Quick Burgers and Fries,1,Running,15,1/9/19,1
43,9,Jacob,Brown,30,5.3,1,Rowdy RollerCoaster,5,Running,2,1/9/19,1
48,36,Margaret,Lewis,15,5.0,5,Trusty Theatre,15,Running,1,1/2/19,1
53,31,Michael,Lewis,15,5.0,4,Icy IceCream Stand,1,Running,5,2/2/19,1
56,15,William,LeVon,35,5.4,2,Lousy LogFlume,3,Running,5,2/2/19,1
73,15,William,LeVon,35,5.4,3,Quick Burgers and Fries,1,Running,15,1/9/19,1
76,11,Thomas,Lewis,15,5.0,3,Quick Burgers and Fries,1,Running,15,2/2/19,1
90,2,John,Frank,20,5.1,3,Quick Burgers and Fries,1,Running,15,2/2/19,1
134,50,Linda,LeVon,35,5.4,5,Trusty Theatre,15,Running,1,1/2/19,1
147,18,Connor,White,25,5.2,5,Trusty Theatre,15,Running,1,1/2/19,1
153,1,Alex,Lewis,15,5.0,5,Trusty Theatre,15,Running,1,2/2/19,1
156,50,Linda,LeVon,35,5.4,3,Quick Burgers and Fries,1,Running,15,1/9/19,1
179,48,Pat,White,25,5.2,2,Lousy LogFlume,3,Running,5,2/2/19,1
195,37,Emma,Frank,20,5.1,2,Lousy LogFlume,3,Running,5,1/2/19,1
206,8,Harry,White,25,5.2,4,Icy IceCream Stand,1,Running,5,1/2/19,1
247,47,Mary,Frank,20,5.1,2,Lousy LogFlume,3,Running,5,1/2/19,1
307,24,Charlie,Brown,30,5.3,2,Lousy LogFlume,3,Running,5,2/2/19,1
315,40,Elizabeth,LeVon,35,5.4,3,Quick Burgers and Fries,1,Running,15,1/2/19,1
360,48,Pat,White,25,5.2,2,Lousy LogFlume,3,Running,5,1/9/19,1
384,13,Oscar,White,25,5.2,1,Rowdy RollerCoaster,5,Running,2,1/2/19,1
426,33,Mike,White,25,5.2,1,Rowdy RollerCoaster,5,Running,2,2/2/19,1
433,13,Oscar,White,25,5.2,3,Quick Burgers and Fries,1,Running,15,2/2/19,1
439,7,Jack,Frank,20,5.1,4,Icy IceCream Stand,1,Running,5,2/2/19,1
452,41,Amelia,Lewis,15,5.0,4,Icy IceCream Stand,1,Running,5,1/2/19,1
464,27,Liam,Frank,20,5.1,4,Icy IceCream Stand,1,Running,5,2/2/19,1
550,40,Elizabeth,LeVon,35,5.4,5,Trusty Theatre,15,Running,1,2/2/19,1
568,9,Jacob,Brown,30,5.3,5,Trusty Theatre,15,Running,1,1/2/19,1
586,32,Alexander,Frank,20,5.1,2,Lousy LogFlume,3,Running,5,1/2/19,1
640,21,Joe,Lewis,15,5.0,1,Rowdy RollerCoaster,5,Running,2,2/2/19,1
655,41,Amelia,Lewis,15,5.0,5,Trusty Theatre,15,Running,1,2/2/19,1
668,18,Connor,White,25,5.2,4,Icy IceCream Stand,1,Running,5,1/9/19,1
689,41,Amelia,Lewis,15,5.0,4,Icy IceCream Stand,1,Running,5,1/9/19,1
693,20,Kyle,LeVon,35,5.4,1,Rowdy RollerCoaster,5,Running,2,1/2/19,1
710,30,Ethan,LeVon,35,5.4,3,Quick Burgers and Fries,1,Running,15,1/2/19,1
752,42,John,Frank,20,5.1,4,Icy IceCream Stand,1,Running,5,2/2/19,1
808,1,Alex,Lewis,15,5.0,3,Quick Burgers and Fries,1,Running,15,2/2/19,1
836,1,Alex,Lewis,15,5.0,4,Icy IceCream Stand,1,Running,5,1/9/19,1
859,28,Jacob,White,25,5.2,1,Rowdy RollerCoaster,5,Running,2,1/9/19,1
869,32,Alexander,Frank,20,5.1,1,Rowdy RollerCoaster,5,Running,2,1/2/19,1
908,24,Charlie,Brown,30,5.3,4,Icy IceCream Stand,1,Running,5,2/2/19,1
966,11,Thomas,Lewis,15,5.0,5,Trusty Theatre,15,Running,1,1/2/19,1
44,46,Charlotte,Lewis,15,5.0,2,Lousy LogFlume,3,Running,5,1/2/19,2
5,32,Alexander,Frank,20,5.1,3,Quick Burgers and Fries,1,Running,15,1/2/19,2
57,22,Reece,Frank,20,5.1,5,Trusty Theatre,15,Running,1,1/2/19,2
107,36,Margaret,Lewis,15,5.0,2,Lousy LogFlume,3,Running,5,1/9/19,2
112,10,Charlie,LeVon,35,5.4,5,Trusty Theatre,15,Running,1,1/9/19,2
149,13,Oscar,White,25,5.2,2,Lousy LogFlume,3,Running,5,1/2/19,2
235,1,Alex,Lewis,15,5.0,2,Lousy LogFlume,3,Running,5,1/9/19,2
248,41,Amelia,Lewis,15,5.0,4,Icy IceCream Stand,1,Running,5,1/9/19,2
266,8,Harry,White,25,5.2,3,Quick Burgers and Fries,1,Running,15,1/2/19,2
291,46,Charlotte,Lewis,15,5.0,2,Lousy LogFlume,3,Running,5,1/9/19,2
304,34,James,Brown,30,5.3,2,Lousy LogFlume,3,Running,5,1/9/19,2
336,44,Jessica,Brown,30,5.3,3,Quick Burgers and Fries,1,Running,15,1/9/19,2
340,42,John,Frank,20,5.1,1,Rowdy RollerCoaster,5,Running,2,1/2/19,2
358,10,Charlie,LeVon,35,5.4,5,Trusty Theatre,15,Running,1,2/2/19,2
369,10,Charlie,LeVon,35,5.4,3,Quick Burgers and Fries,1,Running,15,2/2/19,2
373,39,Patricia,Brown,30,5.3,4,Icy IceCream Stand,1,Running,5,1/9/19,2
386,13,Oscar,White,25,5.2,4,Icy IceCream Stand,1,Running,5,2/2/19,2
23,14,James,Brown,30,5.3,2,Lousy LogFlume,3,Running,5,2/2/19,2
449,21,Joe,Lewis,15,5.0,4,Icy IceCream Stand,1,Running,5,1/2/19,2
475,40,Elizabeth,LeVon,35,5.4,1,Rowdy RollerCoaster,5,Running,2,1/2/19,2
494,29,William,Brown,30,5.3,4,Icy IceCream Stand,1,Running,5,1/9/19,2
497,16,Jake,Lewis,15,5.0,5,Trusty Theatre,15,Running,1,1/9/19,2
500,1,Alex,Lewis,15,5.0,5,Trusty Theatre,15,Running,1,1/9/19,2
518,47,Mary,Frank,20,5.1,4,Icy IceCream Stand,1,Running,5,2/2/19,2
532,28,Jacob,White,25,5.2,1,Rowdy RollerCoaster,5,Running,2,1/2/19,2
539,4,Steve,Brown,30,5.3,4,Icy IceCream Stand,1,Running,5,1/2/19,2
545,39,Patricia,Brown,30,5.3,5,Trusty Theatre,15,Running,1,1/2/19,2
589,41,Amelia,Lewis,15,5.0,3,Quick Burgers and Fries,1,Running,15,1/9/19,2
595,27,Liam,Frank,20,5.1,2,Lousy LogFlume,3,Running,5,1/9/19,2
605,4,Steve,Brown,30,5.3,2,Lousy LogFlume,3,Running,5,2/2/19,2
609,49,Neil,Brown,30,5.3,5,Trusty Theatre,15,Running,1,1/9/19,2
620,28,Jacob,White,25,5.2,1,Rowdy RollerCoaster,5,Running,2,1/2/19,2
635,23,Rhys,White,25,5.2,1,Rowdy RollerCoaster,5,Running,2,1/9/19,2
683,13,Oscar,White,25,5.2,1,Rowdy RollerCoaster,5,Running,2,1/9/19,2
724,4,Steve,Brown,30,5.3,5,Trusty Theatre,15,Running,1,1/9/19,2
750,44,Jessica,Brown,30,5.3,1,Rowdy RollerCoaster,5,Running,2,1/9/19,2
791,11,Thomas,Lewis,15,5.0,3,Quick Burgers and Fries,1,Running,15,1/2/19,2
815,4,Steve,Brown,30,5.3,2,Lousy LogFlume,3,Running,5,2/2/19,2
912,14,James,Brown,30,5.3,4,Icy IceCream Stand,1,Running,5,1/2/19,2
933,46,Charlotte,Lewis,15,5.0,2,Lousy LogFlume,3,Running,5,2/2/19,2
935,32,Alexander,Frank,20,5.1,5,Trusty Theatre,15,Running,1,2/2/19,2
942,44,Jessica,Brown,30,5.3,5,Trusty Theatre,15,Running,1,1/9/19,2
986,21,Joe,Lewis,15,5.0,2,Lousy LogFlume,3,Running,5,2/2/19,2
988,32,Alexander,Frank,20,5.1,4,Icy IceCream Stand,1,Running,5,1/9/19,2
998,25,Damian,LeVon,35,5.4,3,Quick Burgers and Fries,1,Running,15,1/9/19,2
104,31,Michael,Lewis,15,5.0,2,Lousy LogFlume,3,Running,5,2/2/19,3
111,34,James,Brown,30,5.3,4,Icy IceCream Stand,1,Running,5,1/2/19,3
116,50,Linda,LeVon,35,5.4,4,Icy IceCream Stand,1,Running,5,1/9/19,3
127,8,Harry,White,25,5.2,2,Lousy LogFlume,3,Running,5,1/9/19,3
154,5,Janice,LeVon,35,5.4,3,Quick Burgers and Fries,1,Running,15,2/2/19,3
167,15,William,LeVon,35,5.4,2,Lousy LogFlume,3,Running,5,1/2/19,3
184,28,Jacob,White,25,5.2,4,Icy IceCream Stand,1,Running,5,2/2/19,3
199,15,William,LeVon,35,5.4,1,Rowdy RollerCoaster,5,Running,2,1/9/19,3
209,12,George,Frank,20,5.1,2,Lousy LogFlume,3,Running,5,1/9/19,3
240,33,Mike,White,25,5.2,5,Trusty Theatre,15,Running,1,1/9/19,3
277,15,William,LeVon,35,5.4,3,Quick Burgers and Fries,1,Running,15,1/2/19,3
313,26,Noah,Lewis,15,5.0,1,Rowdy RollerCoaster,5,Running,2,1/2/19,3
330,31,Michael,Lewis,15,5.0,1,Rowdy RollerCoaster,5,Running,2,1/2/19,3
356,31,Michael,Lewis,15,5.0,1,Rowdy RollerCoaster,5,Running,2,1/9/19,3
357,15,William,LeVon,35,5.4,2,Lousy LogFlume,3,Running,5,2/2/19,3
392,18,Connor,White,25,5.2,1,Rowdy RollerCoaster,5,Running,2,2/2/19,3
395,36,Margaret,Lewis,15,5.0,5,Trusty Theatre,15,Running,1,1/9/19,3
408,10,Charlie,LeVon,35,5.4,1,Rowdy RollerCoaster,5,Running,2,1/2/19,3
409,36,Margaret,Lewis,15,5.0,1,Rowdy RollerCoaster,5,Running,2,1/9/19,3
498,34,James,Brown,30,5.3,5,Trusty Theatre,15,Running,1,1/2/19,3
66,38,Sophia,White,25,5.2,1,Rowdy RollerCoaster,5,Running,2,1/9/19,3
564,22,Reece,Frank,20,5.1,3,Quick Burgers and Fries,1,Running,15,1/2/19,3
565,36,Margaret,Lewis,15,5.0,2,Lousy LogFlume,3,Running,5,1/2/19,3
602,22,Reece,Frank,20,5.1,1,Rowdy RollerCoaster,5,Running,2,1/2/19,3
646,39,Patricia,Brown,30,5.3,5,Trusty Theatre,15,Running,1,2/2/19,3
647,14,James,Brown,30,5.3,4,Icy IceCream Stand,1,Running,5,1/2/19,3
652,43,Susan,White,25,5.2,5,Trusty Theatre,15,Running,1,2/2/19,3
676,10,Charlie,LeVon,35,5.4,4,Icy IceCream Stand,1,Running,5,1/2/19,3
703,30,Ethan,LeVon,35,5.4,1,Rowdy RollerCoaster,5,Running,2,1/9/19,3
744,35,Daniel,LeVon,35,5.4,5,Trusty Theatre,15,Running,1,1/9/19,3
35,23,Rhys,White,25,5.2,5,Trusty Theatre,15,Running,1,2/2/19,3
767,42,John,Frank,20,5.1,2,Lousy LogFlume,3,Running,5,1/9/19,3
848,50,Linda,LeVon,35,5.4,1,Rowdy RollerCoaster,5,Running,2,2/2/19,3
863,22,Reece,Frank,20,5.1,1,Rowdy RollerCoaster,5,Running,2,2/2/19,3
873,41,Amelia,Lewis,15,5.0,1,Rowdy RollerCoaster,5,Running,2,2/2/19,3
874,24,Charlie,Brown,30,5.3,5,Trusty Theatre,15,Running,1,1/9/19,3
885,30,Ethan,LeVon,35,5.4,2,Lousy LogFlume,3,Running,5,2/2/19,3
896,3,Mike,White,25,5.2,4,Icy IceCream Stand,1,Running,5,2/2/19,3
925,14,James,Brown,30,5.3,4,Icy IceCream Stand,1,Running,5,1/2/19,3
129,45,Isabella,LeVon,35,5.4,5,Trusty Theatre,15,Running,1,1/2/19,4
135,28,Jacob,White,25,5.2,4,Icy IceCream Stand,1,Running,5,1/2/19,4
145,2,John,Frank,20,5.1,1,Rowdy RollerCoaster,5,Running,2,1/2/19,4
163,16,Jake,Lewis,15,5.0,2,Lousy LogFlume,3,Running,5,2/2/19,4
234,6,Oliver,Lewis,15,5.0,5,Trusty Theatre,15,Running,1,2/2/19,4
3,12,George,Frank,20,5.1,4,Icy IceCream Stand,1,Running,5,1/9/19,4
246,45,Isabella,LeVon,35,5.4,4,Icy IceCream Stand,1,Running,5,1/9/19,4
310,35,Daniel,LeVon,35,5.4,4,Icy IceCream Stand,1,Running,5,2/2/19,4
103,1,Alex,Lewis,15,5.0,2,Lousy LogFlume,3,Running,5,1/9/19,4
425,47,Mary,Frank,20,5.1,5,Trusty Theatre,15,Running,1,2/2/19,4
438,25,Damian,LeVon,35,5.4,4,Icy IceCream Stand,1,Running,5,2/2/19,4
496,2,John,Frank,20,5.1,1,Rowdy RollerCoaster,5,Running,2,1/9/19,4
110,9,Jacob,Brown,30,5.3,2,Lousy LogFlume,3,Running,5,2/2/19,4
608,37,Emma,Frank,20,5.1,5,Trusty Theatre,15,Running,1,1/9/19,4
625,17,Callum,Frank,20,5.1,3,Quick Burgers and Fries,1,Running,15,1/9/19,4
632,39,Patricia,Brown,30,5.3,2,Lousy LogFlume,3,Running,5,2/2/19,4
115,8,Harry,White,25,5.2,4,Icy IceCream Stand,1,Running,5,2/2/19,4
716,28,Jacob,White,25,5.2,4,Icy IceCream Stand,1,Running,5,1/2/19,4
730,50,Linda,LeVon,35,5.4,4,Icy IceCream Stand,1,Running,5,2/2/19,4
738,22,Reece,Frank,20,5.1,1,Rowdy RollerCoaster,5,Running,2,1/9/19,4
745,50,Linda,LeVon,35,5.4,2,Lousy LogFlume,3,Running,5,1/9/19,4
769,18,Connor,White,25,5.2,2,Lousy LogFlume,3,Running,5,1/2/19,4
798,48,Pat,White,25,5.2,5,Trusty Theatre,15,Running,1,1/9/19,4
799,18,Connor,White,25,5.2,2,Lousy LogFlume,3,Running,5,1/9/19,4
820,35,Daniel,LeVon,35,5.4,5,Trusty Theatre,15,Running,1,1/2/19,4
830,35,Daniel,LeVon,35,5.4,2,Lousy LogFlume,3,Running,5,1/9/19,4
930,21,Joe,Lewis,15,5.0,4,Icy IceCream Stand,1,Running,5,2/2/19,4
938,8,Harry,White,25,5.2,4,Icy IceCream Stand,1,Running,5,1/9/19,4
947,3,Mike,White,25,5.2,3,Quick Burgers and Fries,1,Running,15,2/2/19,4
948,24,Charlie,Brown,30,5.3,3,Quick Burgers and Fries,1,Running,15,2/2/19,4
949,49,Neil,Brown,30,5.3,4,Icy IceCream Stand,1,Running,5,1/2/19,4
961,45,Isabella,LeVon,35,5.4,4,Icy IceCream Stand,1,Running,5,1/2/19,4
974,48,Pat,White,25,5.2,4,Icy IceCream Stand,1,Running,5,2/2/19,4
995,5,Janice,LeVon,35,5.4,1,Rowdy RollerCoaster,5,Running,2,2/2/19,4
170,25,Damian,LeVon,35,5.4,2,Lousy LogFlume,3,Running,5,1/2/19,5
186,1,Alex,Lewis,15,5.0,4,Icy IceCream Stand,1,Running,5,1/2/19,5
49,32,Alexander,Frank,20,5.1,4,Icy IceCream Stand,1,Running,5,1/2/19,5
265,32,Alexander,Frank,20,5.1,1,Rowdy RollerCoaster,5,Running,2,1/9/19,5
275,46,Charlotte,Lewis,15,5.0,4,Icy IceCream Stand,1,Running,5,2/2/19,5
318,25,Damian,LeVon,35,5.4,2,Lousy LogFlume,3,Running,5,1/9/19,5
331,40,Elizabeth,LeVon,35,5.4,4,Icy IceCream Stand,1,Running,5,2/2/19,5
100,27,Liam,Frank,20,5.1,1,Rowdy RollerCoaster,5,Running,2,2/2/19,5
406,36,Margaret,Lewis,15,5.0,1,Rowdy RollerCoaster,5,Running,2,2/2/19,5
430,5,Janice,LeVon,35,5.4,3,Quick Burgers and Fries,1,Running,15,1/2/19,5
25,27,Liam,Frank,20,5.1,4,Icy IceCream Stand,1,Running,5,1/9/19,5
477,8,Harry,White,25,5.2,2,Lousy LogFlume,3,Running,5,1/9/19,5
523,27,Liam,Frank,20,5.1,2,Lousy LogFlume,3,Running,5,1/2/19,5
537,44,Jessica,Brown,30,5.3,2,Lousy LogFlume,3,Running,5,2/2/19,5
551,47,Mary,Frank,20,5.1,3,Quick Burgers and Fries,1,Running,15,1/9/19,5
560,25,Damian,LeVon,35,5.4,4,Icy IceCream Stand,1,Running,5,1/2/19,5
597,17,Callum,Frank,20,5.1,3,Quick Burgers and Fries,1,Running,15,2/2/19,5
677,36,Margaret,Lewis,15,5.0,1,Rowdy RollerCoaster,5,Running,2,1/9/19,5
75,47,Mary,Frank,20,5.1,1,Rowdy RollerCoaster,5,Running,2,2/2/19,5
688,22,Reece,Frank,20,5.1,3,Quick Burgers and Fries,1,Running,15,1/2/19,5
701,10,Charlie,LeVon,35,5.4,2,Lousy LogFlume,3,Running,5,2/2/19,5
143,47,Mary,Frank,20,5.1,4,Icy IceCream Stand,1,Running,5,1/9/19,5
734,15,William,LeVon,35,5.4,1,Rowdy RollerCoaster,5,Running,2,1/2/19,5
737,5,Janice,LeVon,35,5.4,5,Trusty Theatre,15,Running,1,2/2/19,5
795,30,Ethan,LeVon,35,5.4,2,Lousy LogFlume,3,Running,5,2/2/19,5
803,15,William,LeVon,35,5.4,4,Icy IceCream Stand,1,Running,5,1/2/19,5
876,20,Kyle,LeVon,35,5.4,5,Trusty Theatre,15,Running,1,1/2/19,5
897,37,Emma,Frank,20,5.1,2,Lousy LogFlume,3,Running,5,1/2/19,5
917,29,William,Brown,30,5.3,2,Lousy LogFlume,3,Running,5,1/2/19,5
927,4,Steve,Brown,30,5.3,3,Quick Burgers and Fries,1,Running,15,1/2/19,5
12,1,Alex,Lewis,15,5.0,5,Trusty Theatre,15,Running,1,1/2/19,5
955,24,Charlie,Brown,30,5.3,4,Icy IceCream Stand,1,Running,5,1/2/19,5
972,32,Alexander,Frank,20,5.1,5,Trusty Theatre,15,Running,1,1/9/19,5
991,31,Michael,Lewis,15,5.0,5,Trusty Theatre,15,Running,1,1/2/19,5
996,31,Michael,Lewis,15,5.0,2,Lousy LogFlume,3,Running,5,1/9/19,5
218,11,Thomas,Lewis,15,5.0,3,Quick Burgers and Fries,1,Running,15,1/9/19,6
222,21,Joe,Lewis,15,5.0,2,Lousy LogFlume,3,Running,5,1/9/19,6
226,3,Mike,White,25,5.2,1,Rowdy RollerCoaster,5,Running,2,1/9/19,6
231,4,Steve,Brown,30,5.3,2,Lousy LogFlume,3,Running,5,1/2/19,6
130,21,Joe,Lewis,15,5.0,2,Lousy LogFlume,3,Running,5,1/2/19,6
131,42,John,Frank,20,5.1,1,Rowdy RollerCoaster,5,Running,2,1/9/19,6
132,39,Patricia,Brown,30,5.3,5,Trusty Theatre,15,Running,1,1/9/19,6
250,35,Daniel,LeVon,35,5.4,4,Icy IceCream Stand,1,Running,5,2/2/19,6
264,2,John,Frank,20,5.1,2,Lousy LogFlume,3,Running,5,2/2/19,6
281,18,Connor,White,25,5.2,5,Trusty Theatre,15,Running,1,1/9/19,6
51,18,Connor,White,25,5.2,1,Rowdy RollerCoaster,5,Running,2,2/2/19,6
345,2,John,Frank,20,5.1,3,Quick Burgers and Fries,1,Running,15,1/9/19,6
346,15,William,LeVon,35,5.4,5,Trusty Theatre,15,Running,1,1/9/19,6
92,8,Harry,White,25,5.2,1,Rowdy RollerCoaster,5,Running,2,1/9/19,6
374,34,James,Brown,30,5.3,3,Quick Burgers and Fries,1,Running,15,2/2/19,6
414,12,George,Frank,20,5.1,3,Quick Burgers and Fries,1,Running,15,1/9/19,6
417,32,Alexander,Frank,20,5.1,3,Quick Burgers and Fries,1,Running,15,1/9/19,6
421,21,Joe,Lewis,15,5.0,3,Quick Burgers and Fries,1,Running,15,2/2/19,6
21,39,Patricia,Brown,30,5.3,1,Rowdy RollerCoaster,5,Running,2,1/2/19,6
22,29,William,Brown,30,5.3,3,Quick Burgers and Fries,1,Running,15,2/2/19,6
435,22,Reece,Frank,20,5.1,5,Trusty Theatre,15,Running,1,1/2/19,6
448,12,George,Frank,20,5.1,4,Icy IceCream Stand,1,Running,5,2/2/19,6
454,43,Susan,White,25,5.2,2,Lousy LogFlume,3,Running,5,1/2/19,6
460,23,Rhys,White,25,5.2,4,Icy IceCream Stand,1,Running,5,1/9/19,6
485,32,Alexander,Frank,20,5.1,3,Quick Burgers and Fries,1,Running,15,2/2/19,6
495,43,Susan,White,25,5.2,3,Quick Burgers and Fries,1,Running,15,1/9/19,6
503,42,John,Frank,20,5.1,2,Lousy LogFlume,3,Running,5,2/2/19,6
508,29,William,Brown,30,5.3,3,Quick Burgers and Fries,1,Running,15,1/9/19,6
515,33,Mike,White,25,5.2,5,Trusty Theatre,15,Running,1,1/2/19,6
524,43,Susan,White,25,5.2,4,Icy IceCream Stand,1,Running,5,1/2/19,6
561,14,James,Brown,30,5.3,3,Quick Burgers and Fries,1,Running,15,1/9/19,6
577,11,Thomas,Lewis,15,5.0,1,Rowdy RollerCoaster,5,Running,2,1/2/19,6
596,6,Oliver,Lewis,15,5.0,2,Lousy LogFlume,3,Running,5,1/2/19,6
72,25,Damian,LeVon,35,5.4,1,Rowdy RollerCoaster,5,Running,2,1/2/19,6
610,23,Rhys,White,25,5.2,4,Icy IceCream Stand,1,Running,5,1/9/19,6
740,46,Charlotte,Lewis,15,5.0,2,Lousy LogFlume,3,Running,5,1/9/19,6
749,40,Elizabeth,LeVon,35,5.4,2,Lousy LogFlume,3,Running,5,1/9/19,6
793,3,Mike,White,25,5.2,5,Trusty Theatre,15,Running,1,2/2/19,6
93,11,Thomas,Lewis,15,5.0,5,Trusty Theatre,15,Running,1,1/2/19,6
148,10,Charlie,LeVon,35,5.4,2,Lousy LogFlume,3,Running,5,2/2/19,6
800,41,Amelia,Lewis,15,5.0,3,Quick Burgers and Fries,1,Running,15,2/2/19,6
802,25,Damian,LeVon,35,5.4,5,Trusty Theatre,15,Running,1,1/9/19,6
36,30,Ethan,LeVon,35,5.4,3,Quick Burgers and Fries,1,Running,15,1/2/19,6
809,16,Jake,Lewis,15,5.0,5,Trusty Theatre,15,Running,1,2/2/19,6
813,48,Pat,White,25,5.2,5,Trusty Theatre,15,Running,1,1/9/19,6
817,27,Liam,Frank,20,5.1,5,Trusty Theatre,15,Running,1,1/2/19,6
819,48,Pat,White,25,5.2,1,Rowdy RollerCoaster,5,Running,2,2/2/19,6
150,23,Rhys,White,25,5.2,4,Icy IceCream Stand,1,Running,5,1/2/19,6
826,30,Ethan,LeVon,35,5.4,4,Icy IceCream Stand,1,Running,5,1/2/19,6
827,20,Kyle,LeVon,35,5.4,2,Lousy LogFlume,3,Running,5,1/2/19,6
862,1,Alex,Lewis,15,5.0,3,Quick Burgers and Fries,1,Running,15,2/2/19,6
120,10,Charlie,LeVon,35,5.4,2,Lousy LogFlume,3,Running,5,1/9/19,6
39,40,Elizabeth,LeVon,35,5.4,1,Rowdy RollerCoaster,5,Running,2,2/2/19,6
901,18,Connor,White,25,5.2,2,Lousy LogFlume,3,Running,5,1/2/19,6
189,1,Alex,Lewis,15,5.0,1,Rowdy RollerCoaster,5,Running,2,1/2/19,6
937,26,Noah,Lewis,15,5.0,2,Lousy LogFlume,3,Running,5,1/2/19,6
83,13,Oscar,White,25,5.2,2,Lousy LogFlume,3,Running,5,2/2/19,6
954,6,Oliver,Lewis,15,5.0,1,Rowdy RollerCoaster,5,Running,2,1/2/19,6
980,39,Patricia,Brown,30,5.3,3,Quick Burgers and Fries,1,Running,15,1/9/19,6
273,24,Charlie,Brown,30,5.3,5,Trusty Theatre,15,Running,1,2/2/19,7
285,21,Joe,Lewis,15,5.0,5,Trusty Theatre,15,Running,1,1/2/19,7
286,25,Damian,LeVon,35,5.4,1,Rowdy RollerCoaster,5,Running,2,1/9/19,7
341,19,Jacob,Brown,30,5.3,3,Quick Burgers and Fries,1,Running,15,1/9/19,7
343,30,Ethan,LeVon,35,5.4,2,Lousy LogFlume,3,Running,5,1/2/19,7
370,24,Charlie,Brown,30,5.3,4,Icy IceCream Stand,1,Running,5,2/2/19,7
95,12,George,Frank,20,5.1,4,Icy IceCream Stand,1,Running,5,2/2/19,7
376,37,Emma,Frank,20,5.1,5,Trusty Theatre,15,Running,1,1/9/19,7
389,42,John,Frank,20,5.1,3,Quick Burgers and Fries,1,Running,15,1/9/19,7
87,14,James,Brown,30,5.3,3,Quick Burgers and Fries,1,Running,15,2/2/19,7
416,9,Jacob,Brown,30,5.3,3,Quick Burgers and Fries,1,Running,15,1/9/19,7
418,31,Michael,Lewis,15,5.0,3,Quick Burgers and Fries,1,Running,15,1/9/19,7
215,14,James,Brown,30,5.3,1,Rowdy RollerCoaster,5,Running,2,2/2/19,7
446,23,Rhys,White,25,5.2,2,Lousy LogFlume,3,Running,5,2/2/19,7
470,29,William,Brown,30,5.3,4,Icy IceCream Stand,1,Running,5,1/2/19,7
224,7,Jack,Frank,20,5.1,5,Trusty Theatre,15,Running,1,2/2/19,7
553,29,William,Brown,30,5.3,5,Trusty Theatre,15,Running,1,1/9/19,7
575,46,Charlotte,Lewis,15,5.0,5,Trusty Theatre,15,Running,1,1/2/19,7
229,31,Michael,Lewis,15,5.0,3,Quick Burgers and Fries,1,Running,15,1/2/19,7
612,30,Ethan,LeVon,35,5.4,3,Quick Burgers and Fries,1,Running,15,1/2/19,7
650,9,Jacob,Brown,30,5.3,1,Rowdy RollerCoaster,5,Running,2,2/2/19,7
32,48,Pat,White,25,5.2,1,Rowdy RollerCoaster,5,Running,2,1/9/19,7
180,46,Charlotte,Lewis,15,5.0,3,Quick Burgers and Fries,1,Running,15,1/2/19,7
705,16,Jake,Lewis,15,5.0,5,Trusty Theatre,15,Running,1,1/2/19,7
719,12,George,Frank,20,5.1,3,Quick Burgers and Fries,1,Running,15,1/9/19,7
128,41,Amelia,Lewis,15,5.0,5,Trusty Theatre,15,Running,1,2/2/19,7
756,33,Mike,White,25,5.2,2,Lousy LogFlume,3,Running,5,2/2/19,7
766,39,Patricia,Brown,30,5.3,4,Icy IceCream Stand,1,Running,5,1/9/19,7
787,38,Sophia,White,25,5.2,3,Quick Burgers and Fries,1,Running,15,1/9/19,7
829,4,Steve,Brown,30,5.3,1,Rowdy RollerCoaster,5,Running,2,2/2/19,7
845,2,John,Frank,20,5.1,1,Rowdy RollerCoaster,5,Running,2,1/2/19,7
870,24,Charlie,Brown,30,5.3,1,Rowdy RollerCoaster,5,Running,2,2/2/19,7
881,21,Joe,Lewis,15,5.0,5,Trusty Theatre,15,Running,1,1/2/19,7
888,28,Jacob,White,25,5.2,2,Lousy LogFlume,3,Running,5,1/2/19,7
891,47,Mary,Frank,20,5.1,4,Icy IceCream Stand,1,Running,5,2/2/19,7
909,48,Pat,White,25,5.2,2,Lousy LogFlume,3,Running,5,2/2/19,7
914,16,Jake,Lewis,15,5.0,4,Icy IceCream Stand,1,Running,5,1/2/19,7
921,29,William,Brown,30,5.3,4,Icy IceCream Stand,1,Running,5,1/2/19,7
924,15,William,LeVon,35,5.4,2,Lousy LogFlume,3,Running,5,1/2/19,7
249,24,Charlie,Brown,30,5.3,5,Trusty Theatre,15,Running,1,1/9/19,7
965,18,Connor,White,25,5.2,5,Trusty Theatre,15,Running,1,2/2/19,7
967,41,Amelia,Lewis,15,5.0,1,Rowdy RollerCoaster,5,Running,2,1/9/19,7
970,25,Damian,LeVon,35,5.4,1,Rowdy RollerCoaster,5,Running,2,2/2/19,7
973,5,Janice,LeVon,35,5.4,1,Rowdy RollerCoaster,5,Running,2,2/2/19,7
979,46,Charlotte,Lewis,15,5.0,1,Rowdy RollerCoaster,5,Running,2,1/9/19,7
302,19,Jacob,Brown,30,5.3,1,Rowdy RollerCoaster,5,Running,2,1/9/19,8
327,48,Pat,White,25,5.2,2,Lousy LogFlume,3,Running,5,2/2/19,8
257,32,Alexander,Frank,20,5.1,3,Quick Burgers and Fries,1,Running,15,1/9/19,8
377,12,George,Frank,20,5.1,4,Icy IceCream Stand,1,Running,5,2/2/19,8
403,3,Mike,White,25,5.2,2,Lousy LogFlume,3,Running,5,2/2/19,8
411,24,Charlie,Brown,30,5.3,1,Rowdy RollerCoaster,5,Running,2,2/2/19,8
447,21,Joe,Lewis,15,5.0,5,Trusty Theatre,15,Running,1,1/2/19,8
24,1,Alex,Lewis,15,5.0,5,Trusty Theatre,15,Running,1,1/9/19,8
160,7,Jack,Frank,20,5.1,4,Icy IceCream Stand,1,Running,5,1/2/19,8
492,3,Mike,White,25,5.2,5,Trusty Theatre,15,Running,1,2/2/19,8
220,29,William,Brown,30,5.3,1,Rowdy RollerCoaster,5,Running,2,2/2/19,8
504,25,Damian,LeVon,35,5.4,4,Icy IceCream Stand,1,Running,5,1/2/19,8
531,5,Janice,LeVon,35,5.4,3,Quick Burgers and Fries,1,Running,15,1/9/19,8
590,32,Alexander,Frank,20,5.1,3,Quick Burgers and Fries,1,Running,15,2/2/19,8
593,2,John,Frank,20,5.1,2,Lousy LogFlume,3,Running,5,1/9/19,8
594,39,Patricia,Brown,30,5.3,5,Trusty Theatre,15,Running,1,1/9/19,8
71,8,Harry,White,25,5.2,5,Trusty Theatre,15,Running,1,1/9/19,8
606,43,Susan,White,25,5.2,1,Rowdy RollerCoaster,5,Running,2,1/9/19,8
623,37,Emma,Frank,20,5.1,4,Icy IceCream Stand,1,Running,5,1/2/19,8
140,1,Alex,Lewis,15,5.0,2,Lousy LogFlume,3,Running,5,1/2/19,8
88,5,Janice,LeVon,35,5.4,2,Lousy LogFlume,3,Running,5,2/2/19,8
658,40,Elizabeth,LeVon,35,5.4,3,Quick Burgers and Fries,1,Running,15,2/2/19,8
687,7,Jack,Frank,20,5.1,2,Lousy LogFlume,3,Running,5,2/2/19,8
732,1,Alex,Lewis,15,5.0,2,Lousy LogFlume,3,Running,5,2/2/19,8
768,39,Patricia,Brown,30,5.3,2,Lousy LogFlume,3,Running,5,1/9/19,8
778,6,Oliver,Lewis,15,5.0,1,Rowdy RollerCoaster,5,Running,2,1/2/19,8
801,14,James,Brown,30,5.3,3,Quick Burgers and Fries,1,Running,15,1/2/19,8
814,37,Emma,Frank,20,5.1,2,Lousy LogFlume,3,Running,5,1/2/19,8
816,12,George,Frank,20,5.1,5,Trusty Theatre,15,Running,1,1/2/19,8
838,21,Joe,Lewis,15,5.0,2,Lousy LogFlume,3,Running,5,1/9/19,8
854,9,Jacob,Brown,30,5.3,4,Icy IceCream Stand,1,Running,5,2/2/19,8
16,43,Susan,White,25,5.2,1,Rowdy RollerCoaster,5,Running,2,2/2/19,8
256,11,Thomas,Lewis,15,5.0,4,Icy IceCream Stand,1,Running,5,1/9/19,8
887,13,Oscar,White,25,5.2,3,Quick Burgers and Fries,1,Running,15,1/2/19,8
903,43,Susan,White,25,5.2,2,Lousy LogFlume,3,Running,5,1/2/19,8
40,1,Alex,Lewis,15,5.0,1,Rowdy RollerCoaster,5,Running,2,1/2/19,8
11,46,Charlotte,Lewis,15,5.0,4,Icy IceCream Stand,1,Running,5,1/9/19,8
944,49,Neil,Brown,30,5.3,2,Lousy LogFlume,3,Running,5,1/9/19,8
958,20,Kyle,LeVon,35,5.4,2,Lousy LogFlume,3,Running,5,1/2/19,8
960,10,Charlie,LeVon,35,5.4,1,Rowdy RollerCoaster,5,Running,2,2/2/19,8
962,43,Susan,White,25,5.2,3,Quick Burgers and Fries,1,Running,15,2/2/19,8
976,8,Harry,White,25,5.2,3,Quick Burgers and Fries,1,Running,15,2/2/19,8
253,38,Sophia,White,25,5.2,3,Quick Burgers and Fries,1,Running,15,1/2/19,8
344,49,Neil,Brown,30,5.3,4,Icy IceCream Stand,1,Running,5,1/2/19,9
354,21,Joe,Lewis,15,5.0,2,Lousy LogFlume,3,Running,5,1/2/19,9
378,18,Connor,White,25,5.2,1,Rowdy RollerCoaster,5,Running,2,2/2/19,9
58,17,Callum,Frank,20,5.1,1,Rowdy RollerCoaster,5,Running,2,1/9/19,9
212,20,Kyle,LeVon,35,5.4,2,Lousy LogFlume,3,Running,5,1/2/19,9
436,34,James,Brown,30,5.3,4,Icy IceCream Stand,1,Running,5,2/2/19,9
459,41,Amelia,Lewis,15,5.0,2,Lousy LogFlume,3,Running,5,1/9/19,9
461,40,Elizabeth,LeVon,35,5.4,4,Icy IceCream Stand,1,Running,5,2/2/19,9
463,32,Alexander,Frank,20,5.1,1,Rowdy RollerCoaster,5,Running,2,1/9/19,9
468,9,Jacob,Brown,30,5.3,2,Lousy LogFlume,3,Running,5,1/9/19,9
221,14,James,Brown,30,5.3,5,Trusty Theatre,15,Running,1,1/2/19,9
569,2,John,Frank,20,5.1,4,Icy IceCream Stand,1,Running,5,1/9/19,9
572,15,William,LeVon,35,5.4,5,Trusty Theatre,15,Running,1,1/9/19,9
197,21,Joe,Lewis,15,5.0,4,Icy IceCream Stand,1,Running,5,1/9/19,9
598,20,Kyle,LeVon,35,5.4,3,Quick Burgers and Fries,1,Running,15,1/9/19,9
617,40,Elizabeth,LeVon,35,5.4,4,Icy IceCream Stand,1,Running,5,1/9/19,9
649,11,Thomas,Lewis,15,5.0,3,Quick Burgers and Fries,1,Running,15,2/2/19,9
31,44,Jessica,Brown,30,5.3,3,Quick Burgers and Fries,1,Running,15,2/2/19,9
671,17,Callum,Frank,20,5.1,1,Rowdy RollerCoaster,5,Running,2,2/2/19,9
33,27,Liam,Frank,20,5.1,3,Quick Burgers and Fries,1,Running,15,1/2/19,9
697,9,Jacob,Brown,30,5.3,3,Quick Burgers and Fries,1,Running,15,1/9/19,9
731,3,Mike,White,25,5.2,1,Rowdy RollerCoaster,5,Running,2,2/2/19,9
772,11,Thomas,Lewis,15,5.0,4,Icy IceCream Stand,1,Running,5,2/2/19,9
784,24,Charlie,Brown,30,5.3,4,Icy IceCream Stand,1,Running,5,1/9/19,9
200,3,Mike,White,25,5.2,5,Trusty Theatre,15,Running,1,2/2/19,9
237,36,Margaret,Lewis,15,5.0,5,Trusty Theatre,15,Running,1,1/9/19,9
239,17,Callum,Frank,20,5.1,5,Trusty Theatre,15,Running,1,1/2/19,9
243,38,Sophia,White,25,5.2,2,Lousy LogFlume,3,Running,5,1/9/19,9
835,38,Sophia,White,25,5.2,2,Lousy LogFlume,3,Running,5,1/9/19,9
857,23,Rhys,White,25,5.2,3,Quick Burgers and Fries,1,Running,15,2/2/19,9
245,30,Ethan,LeVon,35,5.4,2,Lousy LogFlume,3,Running,5,2/2/19,9
201,25,Damian,LeVon,35,5.4,5,Trusty Theatre,15,Running,1,2/2/19,9
867,42,John,Frank,20,5.1,1,Rowdy RollerCoaster,5,Running,2,2/2/19,9
898,41,Amelia,Lewis,15,5.0,5,Trusty Theatre,15,Running,1,1/2/19,9
900,19,Jacob,Brown,30,5.3,5,Trusty Theatre,15,Running,1,1/2/19,9
333,49,Neil,Brown,30,5.3,4,Icy IceCream Stand,1,Running,5,1/2/19,9
918,31,Michael,Lewis,15,5.0,1,Rowdy RollerCoaster,5,Running,2,1/9/19,9
926,49,Neil,Brown,30,5.3,2,Lousy LogFlume,3,Running,5,1/2/19,9
293,46,Charlotte,Lewis,15,5.0,5,Trusty Theatre,15,Running,1,1/2/19,9
152,37,Emma,Frank,20,5.1,1,Rowdy RollerCoaster,5,Running,2,1/2/19,9
251,45,Isabella,LeVon,35,5.4,1,Rowdy RollerCoaster,5,Running,2,1/2/19,9
943,14,James,Brown,30,5.3,1,Rowdy RollerCoaster,5,Running,2,1/2/19,9
338,30,Ethan,LeVon,35,5.4,4,Icy IceCream Stand,1,Running,5,2/2/19,9
990,42,John,Frank,20,5.1,3,Quick Burgers and Fries,1,Running,15,1/9/19,9
994,42,John,Frank,20,5.1,5,Trusty Theatre,15,Running,1,1/2/19,9
394,14,James,Brown,30,5.3,1,Rowdy RollerCoaster,5,Running,2,1/9/19,10
398,29,William,Brown,30,5.3,2,Lousy LogFlume,3,Running,5,1/2/19,10
407,27,Liam,Frank,20,5.1,1,Rowdy RollerCoaster,5,Running,2,1/9/19,10
214,22,Reece,Frank,20,5.1,5,Trusty Theatre,15,Running,1,1/9/19,10
267,30,Ethan,LeVon,35,5.4,5,Trusty Theatre,15,Running,1,2/2/19,10
479,29,William,Brown,30,5.3,5,Trusty Theatre,15,Running,1,1/2/19,10
62,35,Daniel,LeVon,35,5.4,5,Trusty Theatre,15,Running,1,1/9/19,10
525,15,William,LeVon,35,5.4,1,Rowdy RollerCoaster,5,Running,2,1/2/19,10
526,14,James,Brown,30,5.3,2,Lousy LogFlume,3,Running,5,1/9/19,10
541,48,Pat,White,25,5.2,1,Rowdy RollerCoaster,5,Running,2,2/2/19,10
571,6,Oliver,Lewis,15,5.0,5,Trusty Theatre,15,Running,1,1/9/19,10
585,19,Jacob,Brown,30,5.3,3,Quick Burgers and Fries,1,Running,15,2/2/19,10
604,11,Thomas,Lewis,15,5.0,2,Lousy LogFlume,3,Running,5,1/2/19,10
614,16,Jake,Lewis,15,5.0,5,Trusty Theatre,15,Running,1,1/9/19,10
616,26,Noah,Lewis,15,5.0,5,Trusty Theatre,15,Running,1,2/2/19,10
274,48,Pat,White,25,5.2,4,Icy IceCream Stand,1,Running,5,1/2/19,10
656,5,Janice,LeVon,35,5.4,5,Trusty Theatre,15,Running,1,1/9/19,10
657,24,Charlie,Brown,30,5.3,2,Lousy LogFlume,3,Running,5,1/9/19,10
321,9,Jacob,Brown,30,5.3,5,Trusty Theatre,15,Running,1,1/2/19,10
700,13,Oscar,White,25,5.2,4,Icy IceCream Stand,1,Running,5,1/2/19,10
276,21,Joe,Lewis,15,5.0,4,Icy IceCream Stand,1,Running,5,1/2/19,10
702,28,Jacob,White,25,5.2,1,Rowdy RollerCoaster,5,Running,2,2/2/19,10
726,21,Joe,Lewis,15,5.0,5,Trusty Theatre,15,Running,1,1/9/19,10
775,7,Jack,Frank,20,5.1,3,Quick Burgers and Fries,1,Running,15,2/2/19,10
811,44,Jessica,Brown,30,5.3,3,Quick Burgers and Fries,1,Running,15,1/9/19,10
79,5,Janice,LeVon,35,5.4,4,Icy IceCream Stand,1,Running,5,2/2/19,10
241,30,Ethan,LeVon,35,5.4,4,Icy IceCream Stand,1,Running,5,2/2/19,10
242,38,Sophia,White,25,5.2,2,Lousy LogFlume,3,Running,5,1/2/19,10
824,29,William,Brown,30,5.3,1,Rowdy RollerCoaster,5,Running,2,2/2/19,10
151,18,Connor,White,25,5.2,4,Icy IceCream Stand,1,Running,5,1/9/19,10
122,19,Jacob,Brown,30,5.3,2,Lousy LogFlume,3,Running,5,1/9/19,10
166,17,Callum,Frank,20,5.1,2,Lousy LogFlume,3,Running,5,2/2/19,10
882,24,Charlie,Brown,30,5.3,2,Lousy LogFlume,3,Running,5,2/2/19,10
334,16,Jake,Lewis,15,5.0,2,Lousy LogFlume,3,Running,5,1/2/19,10
289,16,Jake,Lewis,15,5.0,5,Trusty Theatre,15,Running,1,1/9/19,10
911,4,Steve,Brown,30,5.3,2,Lousy LogFlume,3,Running,5,1/2/19,10
928,12,George,Frank,20,5.1,5,Trusty Theatre,15,Running,1,1/2/19,10
952,50,Linda,LeVon,35,5.4,1,Rowdy RollerCoaster,5,Running,2,2/2/19,10
953,16,Jake,Lewis,15,5.0,2,Lousy LogFlume,3,Running,5,2/2/19,10
252,18,Connor,White,25,5.2,3,Quick Burgers and Fries,1,Running,15,1/2/19,10
296,3,Mike,White,25,5.2,2,Lousy LogFlume,3,Running,5,1/2/19,10
978,23,Rhys,White,25,5.2,5,Trusty Theatre,15,Running,1,1/9/19,10
347,13,Oscar,White,25,5.2,2,Lousy LogFlume,3,Running,5,1/9/19,11
442,37,Emma,Frank,20,5.1,5,Trusty Theatre,15,Running,1,1/9/19,11
451,41,Amelia,Lewis,15,5.0,1,Rowdy RollerCoaster,5,Running,2,1/9/19,11
458,8,Harry,White,25,5.2,5,Trusty Theatre,15,Running,1,1/9/19,11
484,45,Isabella,LeVon,35,5.4,5,Trusty Theatre,15,Running,1,2/2/19,11
519,31,Michael,Lewis,15,5.0,4,Icy IceCream Stand,1,Running,5,2/2/19,11
45,9,Jacob,Brown,30,5.3,4,Icy IceCream Stand,1,Running,5,1/2/19,11
547,3,Mike,White,25,5.2,2,Lousy LogFlume,3,Running,5,1/2/19,11
555,33,Mike,White,25,5.2,5,Trusty Theatre,15,Running,1,1/2/19,11
559,42,John,Frank,20,5.1,4,Icy IceCream Stand,1,Running,5,1/2/19,11
355,2,John,Frank,20,5.1,4,Icy IceCream Stand,1,Running,5,2/2/19,11
18,47,Mary,Frank,20,5.1,3,Quick Burgers and Fries,1,Running,15,1/9/19,11
165,13,Oscar,White,25,5.2,1,Rowdy RollerCoaster,5,Running,2,1/9/19,11
303,13,Oscar,White,25,5.2,5,Trusty Theatre,15,Running,1,2/2/19,11
674,19,Jacob,Brown,30,5.3,2,Lousy LogFlume,3,Running,5,2/2/19,11
178,15,William,LeVon,35,5.4,4,Icy IceCream Stand,1,Running,5,1/2/19,11
361,43,Susan,White,25,5.2,1,Rowdy RollerCoaster,5,Running,2,1/9/19,11
713,46,Charlotte,Lewis,15,5.0,4,Icy IceCream Stand,1,Running,5,2/2/19,11
717,12,George,Frank,20,5.1,4,Icy IceCream Stand,1,Running,5,1/2/19,11
722,35,Daniel,LeVon,35,5.4,2,Lousy LogFlume,3,Running,5,1/9/19,11
776,6,Oliver,Lewis,15,5.0,3,Quick Burgers and Fries,1,Running,15,1/9/19,11
782,22,Reece,Frank,20,5.1,4,Icy IceCream Stand,1,Running,5,1/9/19,11
846,2,John,Frank,20,5.1,5,Trusty Theatre,15,Running,1,1/2/19,11
121,12,George,Frank,20,5.1,4,Icy IceCream Stand,1,Running,5,1/2/19,11
879,17,Callum,Frank,20,5.1,2,Lousy LogFlume,3,Running,5,1/2/19,11
890,31,Michael,Lewis,15,5.0,1,Rowdy RollerCoaster,5,Running,2,1/9/19,11
894,13,Oscar,White,25,5.2,1,Rowdy RollerCoaster,5,Running,2,1/2/19,11
375,26,Noah,Lewis,15,5.0,2,Lousy LogFlume,3,Running,5,2/2/19,11
299,12,George,Frank,20,5.1,2,Lousy LogFlume,3,Running,5,1/2/19,11
379,36,Margaret,Lewis,15,5.0,1,Rowdy RollerCoaster,5,Running,2,2/2/19,11
940,43,Susan,White,25,5.2,4,Icy IceCream Stand,1,Running,5,2/2/19,11
8,33,Mike,White,25,5.2,3,Quick Burgers and Fries,1,Running,15,1/9/19,11
54,45,Isabella,LeVon,35,5.4,1,Rowdy RollerCoaster,5,Running,2,1/9/19,11
308,18,Connor,White,25,5.2,5,Trusty Theatre,15,Running,1,1/9/19,12
63,7,Jack,Frank,20,5.1,3,Quick Burgers and Fries,1,Running,15,2/2/19,12
172,20,Kyle,LeVon,35,5.4,3,Quick Burgers and Fries,1,Running,15,1/9/19,12
269,33,Mike,White,25,5.2,3,Quick Burgers and Fries,1,Running,15,2/2/19,12
542,24,Charlie,Brown,30,5.3,3,Quick Burgers and Fries,1,Running,15,1/2/19,12
109,19,Jacob,Brown,30,5.3,2,Lousy LogFlume,3,Running,5,2/2/19,12
258,46,Charlotte,Lewis,15,5.0,2,Lousy LogFlume,3,Running,5,2/2/19,12
584,32,Alexander,Frank,20,5.1,3,Quick Burgers and Fries,1,Running,15,2/2/19,12
588,4,Steve,Brown,30,5.3,1,Rowdy RollerCoaster,5,Running,2,1/2/19,12
672,13,Oscar,White,25,5.2,3,Quick Burgers and Fries,1,Running,15,1/9/19,12
684,4,Steve,Brown,30,5.3,3,Quick Burgers and Fries,1,Running,15,1/9/19,12
686,41,Amelia,Lewis,15,5.0,5,Trusty Theatre,15,Running,1,1/9/19,12
718,44,Jessica,Brown,30,5.3,4,Icy IceCream Stand,1,Running,5,1/2/19,12
216,14,James,Brown,30,5.3,4,Icy IceCream Stand,1,Running,5,1/9/19,12
764,44,Jessica,Brown,30,5.3,1,Rowdy RollerCoaster,5,Running,2,1/2/19,12
323,44,Jessica,Brown,30,5.3,3,Quick Burgers and Fries,1,Running,15,1/9/19,12
233,4,Steve,Brown,30,5.3,2,Lousy LogFlume,3,Running,5,2/2/19,12
94,17,Callum,Frank,20,5.1,2,Lousy LogFlume,3,Running,5,2/2/19,12
804,12,George,Frank,20,5.1,4,Icy IceCream Stand,1,Running,5,1/9/19,12
52,29,William,Brown,30,5.3,2,Lousy LogFlume,3,Running,5,1/2/19,12
828,39,Patricia,Brown,30,5.3,3,Quick Burgers and Fries,1,Running,15,1/2/19,12
329,3,Mike,White,25,5.2,4,Icy IceCream Stand,1,Running,5,1/2/19,12
38,17,Callum,Frank,20,5.1,5,Trusty Theatre,15,Running,1,2/2/19,12
864,37,Emma,Frank,20,5.1,2,Lousy LogFlume,3,Running,5,2/2/19,12
287,14,James,Brown,30,5.3,1,Rowdy RollerCoaster,5,Running,2,2/2/19,12
455,2,John,Frank,20,5.1,5,Trusty Theatre,15,Running,1,2/2/19,12
910,49,Neil,Brown,30,5.3,5,Trusty Theatre,15,Running,1,1/9/19,12
188,4,Steve,Brown,30,5.3,5,Trusty Theatre,15,Running,1,1/9/19,12
4,2,John,Frank,20,5.1,2,Lousy LogFlume,3,Running,5,2/2/19,12
945,20,Kyle,LeVon,35,5.4,4,Icy IceCream Stand,1,Running,5,2/2/19,12
951,9,Jacob,Brown,30,5.3,3,Quick Burgers and Fries,1,Running,15,2/2/19,12
971,35,Daniel,LeVon,35,5.4,1,Rowdy RollerCoaster,5,Running,2,1/2/19,12
385,50,Linda,LeVon,35,5.4,1,Rowdy RollerCoaster,5,Running,2,1/2/19,12
999,7,Jack,Frank,20,5.1,5,Trusty Theatre,15,Running,1,2/2/19,12
9,28,Jacob,White,25,5.2,3,Quick Burgers and Fries,1,Running,15,1/2/19,13
530,13,Oscar,White,25,5.2,3,Quick Burgers and Fries,1,Running,15,1/2/19,13
534,20,Kyle,LeVon,35,5.4,1,Rowdy RollerCoaster,5,Running,2,2/2/19,13
546,48,Pat,White,25,5.2,4,Icy IceCream Stand,1,Running,5,1/9/19,13
548,47,Mary,Frank,20,5.1,5,Trusty Theatre,15,Running,1,1/2/19,13
549,9,Jacob,Brown,30,5.3,5,Trusty Theatre,15,Running,1,1/9/19,13
270,31,Michael,Lewis,15,5.0,2,Lousy LogFlume,3,Running,5,2/2/19,13
580,27,Liam,Frank,20,5.1,1,Rowdy RollerCoaster,5,Running,2,1/2/19,13
70,36,Margaret,Lewis,15,5.0,4,Icy IceCream Stand,1,Running,5,1/9/19,13
138,31,Michael,Lewis,15,5.0,2,Lousy LogFlume,3,Running,5,1/2/19,13
139,47,Mary,Frank,20,5.1,2,Lousy LogFlume,3,Running,5,2/2/19,13
55,48,Pat,White,25,5.2,1,Rowdy RollerCoaster,5,Running,2,1/2/19,13
665,1,Alex,Lewis,15,5.0,2,Lousy LogFlume,3,Running,5,1/2/19,13
678,43,Susan,White,25,5.2,5,Trusty Theatre,15,Running,1,2/2/19,13
692,3,Mike,White,25,5.2,4,Icy IceCream Stand,1,Running,5,1/9/19,13
696,26,Noah,Lewis,15,5.0,2,Lousy LogFlume,3,Running,5,1/9/19,13
262,31,Michael,Lewis,15,5.0,2,Lousy LogFlume,3,Running,5,2/2/19,13
728,10,Charlie,LeVon,35,5.4,4,Icy IceCream Stand,1,Running,5,1/9/19,13
736,3,Mike,White,25,5.2,3,Quick Burgers and Fries,1,Running,15,2/2/19,13
279,36,Margaret,Lewis,15,5.0,3,Quick Burgers and Fries,1,Running,15,1/2/19,13
760,18,Connor,White,25,5.2,5,Trusty Theatre,15,Running,1,1/9/19,13
118,50,Linda,LeVon,35,5.4,1,Rowdy RollerCoaster,5,Running,2,1/2/19,13
781,50,Linda,LeVon,35,5.4,1,Rowdy RollerCoaster,5,Running,2,1/9/19,13
786,49,Neil,Brown,30,5.3,2,Lousy LogFlume,3,Running,5,1/2/19,13
807,23,Rhys,White,25,5.2,2,Lousy LogFlume,3,Running,5,2/2/19,13
822,37,Emma,Frank,20,5.1,2,Lousy LogFlume,3,Running,5,1/9/19,13
244,42,John,Frank,20,5.1,3,Quick Burgers and Fries,1,Running,15,1/9/19,13
883,25,Damian,LeVon,35,5.4,1,Rowdy RollerCoaster,5,Running,2,1/9/19,13
332,44,Jessica,Brown,30,5.3,3,Quick Burgers and Fries,1,Running,15,1/2/19,13
893,11,Thomas,Lewis,15,5.0,5,Trusty Theatre,15,Running,1,2/2/19,13
906,14,James,Brown,30,5.3,3,Quick Burgers and Fries,1,Running,15,1/2/19,13
913,46,Charlotte,Lewis,15,5.0,4,Icy IceCream Stand,1,Running,5,2/2/19,13
380,5,Janice,LeVon,35,5.4,4,Icy IceCream Stand,1,Running,5,1/9/19,13
423,42,John,Frank,20,5.1,5,Trusty Theatre,15,Running,1,1/9/19,13
155,27,Liam,Frank,20,5.1,2,Lousy LogFlume,3,Running,5,1/9/19,13
190,23,Rhys,White,25,5.2,4,Icy IceCream Stand,1,Running,5,1/9/19,13
192,46,Charlotte,Lewis,15,5.0,3,Quick Burgers and Fries,1,Running,15,1/9/19,13
538,5,Janice,LeVon,35,5.4,3,Quick Burgers and Fries,1,Running,15,1/2/19,14
437,23,Rhys,White,25,5.2,4,Icy IceCream Stand,1,Running,5,1/2/19,14
136,48,Pat,White,25,5.2,1,Rowdy RollerCoaster,5,Running,2,2/2/19,14
469,12,George,Frank,20,5.1,1,Rowdy RollerCoaster,5,Running,2,1/2/19,14
314,34,James,Brown,30,5.3,5,Trusty Theatre,15,Running,1,1/2/19,14
133,38,Sophia,White,25,5.2,5,Trusty Theatre,15,Running,1,2/2/19,14
440,9,Jacob,Brown,30,5.3,3,Quick Burgers and Fries,1,Running,15,2/2/19,14
638,44,Jessica,Brown,30,5.3,4,Icy IceCream Stand,1,Running,5,1/2/19,14
642,27,Liam,Frank,20,5.1,4,Icy IceCream Stand,1,Running,5,1/2/19,14
169,16,Jake,Lewis,15,5.0,5,Trusty Theatre,15,Running,1,1/2/19,14
509,15,William,LeVon,35,5.4,1,Rowdy RollerCoaster,5,Running,2,2/2/19,14
445,30,Ethan,LeVon,35,5.4,4,Icy IceCream Stand,1,Running,5,1/2/19,14
694,44,Jessica,Brown,30,5.3,3,Quick Burgers and Fries,1,Running,15,1/2/19,14
699,15,William,LeVon,35,5.4,1,Rowdy RollerCoaster,5,Running,2,1/2/19,14
727,20,Kyle,LeVon,35,5.4,2,Lousy LogFlume,3,Running,5,1/9/19,14
735,8,Harry,White,25,5.2,5,Trusty Theatre,15,Running,1,2/2/19,14
514,20,Kyle,LeVon,35,5.4,3,Quick Burgers and Fries,1,Running,15,2/2/19,14
96,44,Jessica,Brown,30,5.3,2,Lousy LogFlume,3,Running,5,2/2/19,14
522,46,Charlotte,Lewis,15,5.0,3,Quick Burgers and Fries,1,Running,15,1/9/19,14
203,21,Joe,Lewis,15,5.0,2,Lousy LogFlume,3,Running,5,1/9/19,14
831,5,Janice,LeVon,35,5.4,4,Icy IceCream Stand,1,Running,5,1/9/19,14
855,21,Joe,Lewis,15,5.0,2,Lousy LogFlume,3,Running,5,1/2/19,14
856,48,Pat,White,25,5.2,4,Icy IceCream Stand,1,Running,5,2/2/19,14
486,40,Elizabeth,LeVon,35,5.4,3,Quick Burgers and Fries,1,Running,15,2/2/19,14
488,17,Callum,Frank,20,5.1,3,Quick Burgers and Fries,1,Running,15,1/2/19,14
80,2,John,Frank,20,5.1,3,Quick Burgers and Fries,1,Running,15,1/9/19,14
920,24,Charlie,Brown,30,5.3,2,Lousy LogFlume,3,Running,5,2/2/19,14
529,46,Charlotte,Lewis,15,5.0,1,Rowdy RollerCoaster,5,Running,2,1/2/19,14
202,40,Elizabeth,LeVon,35,5.4,3,Quick Burgers and Fries,1,Running,15,1/2/19,14
462,27,Liam,Frank,20,5.1,1,Rowdy RollerCoaster,5,Running,2,1/9/19,14
191,17,Callum,Frank,20,5.1,3,Quick Burgers and Fries,1,Running,15,1/2/19,14
956,9,Jacob,Brown,30,5.3,4,Icy IceCream Stand,1,Running,5,1/9/19,14
957,14,James,Brown,30,5.3,1,Rowdy RollerCoaster,5,Running,2,1/2/19,14
975,5,Janice,LeVon,35,5.4,3,Quick Burgers and Fries,1,Running,15,1/9/19,14
993,42,John,Frank,20,5.1,2,Lousy LogFlume,3,Running,5,1/9/19,14
15,38,Sophia,White,25,5.2,1,Rowdy RollerCoaster,5,Running,2,1/9/19,14
159,37,Emma,Frank,20,5.1,2,Lousy LogFlume,3,Running,5,2/2/19,14
271,5,Janice,LeVon,35,5.4,1,Rowdy RollerCoaster,5,Running,2,1/2/19,15
576,12,George,Frank,20,5.1,3,Quick Burgers and Fries,1,Running,15,1/9/19,15
578,34,James,Brown,30,5.3,5,Trusty Theatre,15,Running,1,1/9/19,15
268,34,James,Brown,30,5.3,4,Icy IceCream Stand,1,Running,5,1/9/19,15
601,3,Mike,White,25,5.2,4,Icy IceCream Stand,1,Running,5,1/2/19,15
611,46,Charlotte,Lewis,15,5.0,1,Rowdy RollerCoaster,5,Running,2,2/2/19,15
6,16,Jake,Lewis,15,5.0,1,Rowdy RollerCoaster,5,Running,2,1/2/19,15
639,14,James,Brown,30,5.3,3,Quick Burgers and Fries,1,Running,15,1/2/19,15
659,35,Daniel,LeVon,35,5.4,1,Rowdy RollerCoaster,5,Running,2,1/2/19,15
114,40,Elizabeth,LeVon,35,5.4,5,Trusty Theatre,15,Running,1,1/9/19,15
177,39,Patricia,Brown,30,5.3,3,Quick Burgers and Fries,1,Running,15,1/9/19,15
679,8,Harry,White,25,5.2,3,Quick Burgers and Fries,1,Running,15,1/9/19,15
682,11,Thomas,Lewis,15,5.0,3,Quick Burgers and Fries,1,Running,15,1/2/19,15
690,4,Steve,Brown,30,5.3,1,Rowdy RollerCoaster,5,Running,2,2/2/19,15
698,24,Charlie,Brown,30,5.3,1,Rowdy RollerCoaster,5,Running,2,1/2/19,15
725,10,Charlie,LeVon,35,5.4,4,Icy IceCream Stand,1,Running,5,2/2/19,15
144,1,Alex,Lewis,15,5.0,4,Icy IceCream Stand,1,Running,5,1/2/19,15
751,34,James,Brown,30,5.3,4,Icy IceCream Stand,1,Running,5,1/2/19,15
771,24,Charlie,Brown,30,5.3,3,Quick Burgers and Fries,1,Running,15,1/9/19,15
365,9,Jacob,Brown,30,5.3,4,Icy IceCream Stand,1,Running,5,1/9/19,15
47,30,Ethan,LeVon,35,5.4,5,Trusty Theatre,15,Running,1,1/2/19,15
325,3,Mike,White,25,5.2,2,Lousy LogFlume,3,Running,5,1/2/19,15
810,8,Harry,White,25,5.2,3,Quick Burgers and Fries,1,Running,15,1/2/19,15
481,46,Charlotte,Lewis,15,5.0,1,Rowdy RollerCoaster,5,Running,2,2/2/19,15
326,22,Reece,Frank,20,5.1,3,Quick Burgers and Fries,1,Running,15,1/9/19,15
849,33,Mike,White,25,5.2,3,Quick Burgers and Fries,1,Running,15,1/9/19,15
419,19,Jacob,Brown,30,5.3,5,Trusty Theatre,15,Running,1,1/9/19,15
17,37,Emma,Frank,20,5.1,4,Icy IceCream Stand,1,Running,5,1/2/19,15
217,32,Alexander,Frank,20,5.1,2,Lousy LogFlume,3,Running,5,2/2/19,15
558,42,John,Frank,20,5.1,4,Icy IceCream Stand,1,Running,5,2/2/19,15
916,30,Ethan,LeVon,35,5.4,2,Lousy LogFlume,3,Running,5,1/2/19,15
175,5,Janice,LeVon,35,5.4,1,Rowdy RollerCoaster,5,Running,2,1/2/19,15
929,32,Alexander,Frank,20,5.1,4,Icy IceCream Stand,1,Running,5,1/2/19,15
348,30,Ethan,LeVon,35,5.4,1,Rowdy RollerCoaster,5,Running,2,1/9/19,15
295,8,Harry,White,25,5.2,1,Rowdy RollerCoaster,5,Running,2,2/2/19,15
50,9,Jacob,Brown,30,5.3,3,Quick Burgers and Fries,1,Running,15,2/2/19,15
301,3,Mike,White,25,5.2,1,Rowdy RollerCoaster,5,Running,2,2/2/19,15
618,2,John,Frank,20,5.1,3,Quick Burgers and Fries,1,Running,15,1/9/19,16
619,20,Kyle,LeVon,35,5.4,4,Icy IceCream Stand,1,Running,5,1/9/19,16
621,10,Charlie,LeVon,35,5.4,3,Quick Burgers and Fries,1,Running,15,2/2/19,16
629,23,Rhys,White,25,5.2,4,Icy IceCream Stand,1,Running,5,1/9/19,16
404,32,Alexander,Frank,20,5.1,4,Icy IceCream Stand,1,Running,5,1/2/19,16
662,17,Callum,Frank,20,5.1,5,Trusty Theatre,15,Running,1,2/2/19,16
472,32,Alexander,Frank,20,5.1,2,Lousy LogFlume,3,Running,5,1/9/19,16
685,37,Emma,Frank,20,5.1,5,Trusty Theatre,15,Running,1,1/9/19,16
691,26,Noah,Lewis,15,5.0,1,Rowdy RollerCoaster,5,Running,2,1/2/19,16
1,49,Neil,Brown,30,5.3,4,Icy IceCream Stand,1,Running,5,2/2/19,16
720,32,Alexander,Frank,20,5.1,4,Icy IceCream Stand,1,Running,5,1/2/19,16
513,18,Connor,White,25,5.2,2,Lousy LogFlume,3,Running,5,2/2/19,16
64,14,James,Brown,30,5.3,2,Lousy LogFlume,3,Running,5,1/2/19,16
754,15,William,LeVon,35,5.4,3,Quick Burgers and Fries,1,Running,15,1/9/19,16
758,5,Janice,LeVon,35,5.4,4,Icy IceCream Stand,1,Running,5,1/2/19,16
763,19,Jacob,Brown,30,5.3,3,Quick Burgers and Fries,1,Running,15,2/2/19,16
450,16,Jake,Lewis,15,5.0,5,Trusty Theatre,15,Running,1,1/2/19,16
478,32,Alexander,Frank,20,5.1,4,Icy IceCream Stand,1,Running,5,1/2/19,16
797,6,Oliver,Lewis,15,5.0,4,Icy IceCream Stand,1,Running,5,1/2/19,16
366,23,Rhys,White,25,5.2,5,Trusty Theatre,15,Running,1,1/9/19,16
2,4,Steve,Brown,30,5.3,5,Trusty Theatre,15,Running,1,1/9/19,16
552,39,Patricia,Brown,30,5.3,2,Lousy LogFlume,3,Running,5,1/9/19,16
259,12,George,Frank,20,5.1,2,Lousy LogFlume,3,Running,5,2/2/19,16
119,21,Joe,Lewis,15,5.0,5,Trusty Theatre,15,Running,1,1/2/19,16
858,2,John,Frank,20,5.1,2,Lousy LogFlume,3,Running,5,2/2/19,16
211,42,John,Frank,20,5.1,4,Icy IceCream Stand,1,Running,5,1/2/19,16
599,36,Margaret,Lewis,15,5.0,2,Lousy LogFlume,3,Running,5,2/2/19,16
342,24,Charlie,Brown,30,5.3,5,Trusty Theatre,15,Running,1,1/9/19,16
535,22,Reece,Frank,20,5.1,1,Rowdy RollerCoaster,5,Running,2,1/9/19,16
292,36,Margaret,Lewis,15,5.0,5,Trusty Theatre,15,Running,1,1/2/19,16
528,39,Patricia,Brown,30,5.3,3,Quick Burgers and Fries,1,Running,15,1/2/19,16
505,2,John,Frank,20,5.1,2,Lousy LogFlume,3,Running,5,2/2/19,16
381,8,Harry,White,25,5.2,2,Lousy LogFlume,3,Running,5,2/2/19,16
81,35,Daniel,LeVon,35,5.4,2,Lousy LogFlume,3,Running,5,1/9/19,16
82,32,Alexander,Frank,20,5.1,5,Trusty Theatre,15,Running,1,1/2/19,16
950,32,Alexander,Frank,20,5.1,1,Rowdy RollerCoaster,5,Running,2,1/9/19,16
14,5,Janice,LeVon,35,5.4,5,Trusty Theatre,15,Running,1,1/2/19,16
963,10,Charlie,LeVon,35,5.4,5,Trusty Theatre,15,Running,1,1/9/19,16
964,29,William,Brown,30,5.3,5,Trusty Theatre,15,Running,1,1/9/19,16
427,31,Michael,Lewis,15,5.0,2,Lousy LogFlume,3,Running,5,2/2/19,16
297,19,Jacob,Brown,30,5.3,3,Quick Burgers and Fries,1,Running,15,2/2/19,16
320,38,Sophia,White,25,5.2,3,Quick Burgers and Fries,1,Running,15,1/9/19,17
254,48,Pat,White,25,5.2,5,Trusty Theatre,15,Running,1,1/9/19,17
359,6,Oliver,Lewis,15,5.0,5,Trusty Theatre,15,Running,1,1/9/19,17
543,49,Neil,Brown,30,5.3,4,Icy IceCream Stand,1,Running,5,2/2/19,17
444,38,Sophia,White,25,5.2,4,Icy IceCream Stand,1,Running,5,1/9/19,17
142,23,Rhys,White,25,5.2,5,Trusty Theatre,15,Running,1,2/2/19,17
711,3,Mike,White,25,5.2,2,Lousy LogFlume,3,Running,5,1/2/19,17
714,42,John,Frank,20,5.1,2,Lousy LogFlume,3,Running,5,1/9/19,17
729,29,William,Brown,30,5.3,4,Icy IceCream Stand,1,Running,5,1/2/19,17
28,8,Harry,White,25,5.2,3,Quick Burgers and Fries,1,Running,15,2/2/19,17
747,28,Jacob,White,25,5.2,1,Rowdy RollerCoaster,5,Running,2,1/2/19,17
198,40,Elizabeth,LeVon,35,5.4,2,Lousy LogFlume,3,Running,5,1/9/19,17
516,29,William,Brown,30,5.3,5,Trusty Theatre,15,Running,1,2/2/19,17
476,7,Jack,Frank,20,5.1,3,Quick Burgers and Fries,1,Running,15,1/2/19,17
364,47,Mary,Frank,20,5.1,1,Rowdy RollerCoaster,5,Running,2,1/9/19,17
324,47,Mary,Frank,20,5.1,1,Rowdy RollerCoaster,5,Running,2,1/2/19,17
317,15,William,LeVon,35,5.4,5,Trusty Theatre,15,Running,1,1/2/19,17
26,44,Jessica,Brown,30,5.3,3,Quick Burgers and Fries,1,Running,15,2/2/19,17
821,6,Oliver,Lewis,15,5.0,3,Quick Burgers and Fries,1,Running,15,1/9/19,17
825,44,Jessica,Brown,30,5.3,3,Quick Burgers and Fries,1,Running,15,2/2/19,17
283,11,Thomas,Lewis,15,5.0,1,Rowdy RollerCoaster,5,Running,2,1/2/19,17
106,5,Janice,LeVon,35,5.4,2,Lousy LogFlume,3,Running,5,1/9/19,17
42,13,Oscar,White,25,5.2,4,Icy IceCream Stand,1,Running,5,2/2/19,17
141,25,Damian,LeVon,35,5.4,2,Lousy LogFlume,3,Running,5,1/2/19,17
176,5,Janice,LeVon,35,5.4,2,Lousy LogFlume,3,Running,5,2/2/19,17
884,16,Jake,Lewis,15,5.0,1,Rowdy RollerCoaster,5,Running,2,2/2/19,17
895,38,Sophia,White,25,5.2,2,Lousy LogFlume,3,Running,5,1/9/19,17
420,33,Mike,White,25,5.2,2,Lousy LogFlume,3,Running,5,2/2/19,17
922,14,James,Brown,30,5.3,2,Lousy LogFlume,3,Running,5,1/2/19,17
540,13,Oscar,White,25,5.2,4,Icy IceCream Stand,1,Running,5,2/2/19,17
932,50,Linda,LeVon,35,5.4,5,Trusty Theatre,15,Running,1,2/2/19,17
311,45,Isabella,LeVon,35,5.4,3,Quick Burgers and Fries,1,Running,15,2/2/19,17
396,37,Emma,Frank,20,5.1,5,Trusty Theatre,15,Running,1,2/2/19,17
562,44,Jessica,Brown,30,5.3,3,Quick Burgers and Fries,1,Running,15,2/2/19,17
46,28,Jacob,White,25,5.2,2,Lousy LogFlume,3,Running,5,1/2/19,17
981,28,Jacob,White,25,5.2,1,Rowdy RollerCoaster,5,Running,2,1/9/19,17
989,3,Mike,White,25,5.2,2,Lousy LogFlume,3,Running,5,2/2/19,17
473,13,Oscar,White,25,5.2,1,Rowdy RollerCoaster,5,Running,2,1/9/19,18
583,17,Callum,Frank,20,5.1,3,Quick Burgers and Fries,1,Running,15,1/2/19,18
536,22,Reece,Frank,20,5.1,2,Lousy LogFlume,3,Running,5,1/2/19,18
707,45,Isabella,LeVon,35,5.4,2,Lousy LogFlume,3,Running,5,1/9/19,18
721,44,Jessica,Brown,30,5.3,5,Trusty Theatre,15,Running,1,1/9/19,18
429,11,Thomas,Lewis,15,5.0,3,Quick Burgers and Fries,1,Running,15,2/2/19,18
607,40,Elizabeth,LeVon,35,5.4,1,Rowdy RollerCoaster,5,Running,2,1/2/19,18
733,35,Daniel,LeVon,35,5.4,5,Trusty Theatre,15,Running,1,2/2/19,18
223,47,Mary,Frank,20,5.1,3,Quick Burgers and Fries,1,Running,15,2/2/19,18
739,4,Steve,Brown,30,5.3,5,Trusty Theatre,15,Running,1,1/9/19,18
741,28,Jacob,White,25,5.2,5,Trusty Theatre,15,Running,1,1/9/19,18
742,6,Oliver,Lewis,15,5.0,1,Rowdy RollerCoaster,5,Running,2,1/2/19,18
228,32,Alexander,Frank,20,5.1,3,Quick Burgers and Fries,1,Running,15,1/2/19,18
660,30,Ethan,LeVon,35,5.4,2,Lousy LogFlume,3,Running,5,1/9/19,18
10,2,John,Frank,20,5.1,3,Quick Burgers and Fries,1,Running,15,1/9/19,18
780,27,Liam,Frank,20,5.1,5,Trusty Theatre,15,Running,1,2/2/19,18
624,4,Steve,Brown,30,5.3,3,Quick Burgers and Fries,1,Running,15,1/2/19,18
626,33,Mike,White,25,5.2,2,Lousy LogFlume,3,Running,5,2/2/19,18
806,38,Sophia,White,25,5.2,3,Quick Burgers and Fries,1,Running,15,1/2/19,18
818,27,Liam,Frank,20,5.1,3,Quick Burgers and Fries,1,Running,15,1/9/19,18
666,10,Charlie,LeVon,35,5.4,1,Rowdy RollerCoaster,5,Running,2,1/9/19,18
627,27,Liam,Frank,20,5.1,3,Quick Burgers and Fries,1,Running,15,1/2/19,18
402,1,Alex,Lewis,15,5.0,5,Trusty Theatre,15,Running,1,1/2/19,18
833,34,James,Brown,30,5.3,3,Quick Burgers and Fries,1,Running,15,1/2/19,18
37,40,Elizabeth,LeVon,35,5.4,2,Lousy LogFlume,3,Running,5,1/9/19,18
284,14,James,Brown,30,5.3,5,Trusty Theatre,15,Running,1,1/9/19,18
554,21,Joe,Lewis,15,5.0,3,Quick Burgers and Fries,1,Running,15,2/2/19,18
670,23,Rhys,White,25,5.2,3,Quick Burgers and Fries,1,Running,15,1/2/19,18
227,26,Noah,Lewis,15,5.0,2,Lousy LogFlume,3,Running,5,1/9/19,18
465,12,George,Frank,20,5.1,1,Rowdy RollerCoaster,5,Running,2,2/2/19,18
487,40,Elizabeth,LeVon,35,5.4,4,Icy IceCream Stand,1,Running,5,1/9/19,18
137,11,Thomas,Lewis,15,5.0,1,Rowdy RollerCoaster,5,Running,2,1/2/19,18
675,6,Oliver,Lewis,15,5.0,3,Quick Burgers and Fries,1,Running,15,1/2/19,18
422,13,Oscar,White,25,5.2,1,Rowdy RollerCoaster,5,Running,2,1/9/19,18
290,10,Charlie,LeVon,35,5.4,2,Lousy LogFlume,3,Running,5,1/2/19,18
29,7,Jack,Frank,20,5.1,2,Lousy LogFlume,3,Running,5,1/9/19,18
936,48,Pat,White,25,5.2,5,Trusty Theatre,15,Running,1,1/2/19,18
603,43,Susan,White,25,5.2,2,Lousy LogFlume,3,Running,5,2/2/19,18
91,45,Isabella,LeVon,35,5.4,4,Icy IceCream Stand,1,Running,5,2/2/19,18
644,26,Noah,Lewis,15,5.0,2,Lousy LogFlume,3,Running,5,2/2/19,18
41,11,Thomas,Lewis,15,5.0,4,Icy IceCream Stand,1,Running,5,2/2/19,18
969,46,Charlotte,Lewis,15,5.0,1,Rowdy RollerCoaster,5,Running,2,1/2/19,18
298,30,Ethan,LeVon,35,5.4,5,Trusty Theatre,15,Running,1,1/9/19,18
316,48,Pat,White,25,5.2,1,Rowdy RollerCoaster,5,Running,2,1/9/19,18
570,7,Jack,Frank,20,5.1,2,Lousy LogFlume,3,Running,5,1/9/19,19
695,46,Charlotte,Lewis,15,5.0,1,Rowdy RollerCoaster,5,Running,2,2/2/19,19
117,9,Jacob,Brown,30,5.3,5,Trusty Theatre,15,Running,1,1/9/19,19
499,29,William,Brown,30,5.3,3,Quick Burgers and Fries,1,Running,15,1/9/19,19
168,19,Jacob,Brown,30,5.3,4,Icy IceCream Stand,1,Running,5,1/2/19,19
282,17,Callum,Frank,20,5.1,1,Rowdy RollerCoaster,5,Running,2,1/2/19,19
232,37,Emma,Frank,20,5.1,1,Rowdy RollerCoaster,5,Running,2,1/9/19,19
794,43,Susan,White,25,5.2,1,Rowdy RollerCoaster,5,Running,2,2/2/19,19
796,18,Connor,White,25,5.2,5,Trusty Theatre,15,Running,1,2/2/19,19
441,23,Rhys,White,25,5.2,2,Lousy LogFlume,3,Running,5,2/2/19,19
368,40,Elizabeth,LeVon,35,5.4,2,Lousy LogFlume,3,Running,5,2/2/19,19
412,24,Charlie,Brown,30,5.3,2,Lousy LogFlume,3,Running,5,2/2/19,19
413,49,Neil,Brown,30,5.3,3,Quick Burgers and Fries,1,Running,15,1/9/19,19
521,2,John,Frank,20,5.1,4,Icy IceCream Stand,1,Running,5,1/2/19,19
823,37,Emma,Frank,20,5.1,3,Quick Burgers and Fries,1,Running,15,1/2/19,19
502,1,Alex,Lewis,15,5.0,5,Trusty Theatre,15,Running,1,1/2/19,19
840,16,Jake,Lewis,15,5.0,1,Rowdy RollerCoaster,5,Running,2,1/2/19,19
843,44,Jessica,Brown,30,5.3,4,Icy IceCream Stand,1,Running,5,1/9/19,19
631,50,Linda,LeVon,35,5.4,3,Quick Burgers and Fries,1,Running,15,1/2/19,19
123,41,Amelia,Lewis,15,5.0,5,Trusty Theatre,15,Running,1,1/2/19,19
556,19,Jacob,Brown,30,5.3,3,Quick Burgers and Fries,1,Running,15,1/2/19,19
124,6,Oliver,Lewis,15,5.0,1,Rowdy RollerCoaster,5,Running,2,1/9/19,19
915,26,Noah,Lewis,15,5.0,5,Trusty Theatre,15,Running,1,2/2/19,19
634,40,Elizabeth,LeVon,35,5.4,2,Lousy LogFlume,3,Running,5,1/2/19,19
382,5,Janice,LeVon,35,5.4,4,Icy IceCream Stand,1,Running,5,1/2/19,19
946,17,Callum,Frank,20,5.1,4,Icy IceCream Stand,1,Running,5,1/9/19,19
213,48,Pat,White,25,5.2,3,Quick Burgers and Fries,1,Running,15,2/2/19,19
108,23,Rhys,White,25,5.2,2,Lousy LogFlume,3,Running,5,1/9/19,19
337,29,William,Brown,30,5.3,4,Icy IceCream Stand,1,Running,5,2/2/19,19
20,43,Susan,White,25,5.2,2,Lousy LogFlume,3,Running,5,2/2/19,19
968,24,Charlie,Brown,30,5.3,3,Quick Burgers and Fries,1,Running,15,2/2/19,19
319,6,Oliver,Lewis,15,5.0,2,Lousy LogFlume,3,Running,5,2/2/19,19
67,10,Charlie,LeVon,35,5.4,3,Quick Burgers and Fries,1,Running,15,1/2/19,19
428,36,Margaret,Lewis,15,5.0,4,Icy IceCream Stand,1,Running,5,1/9/19,19
1000,20,Kyle,LeVon,35,5.4,2,Lousy LogFlume,3,Running,5,2/2/19,19
204,14,James,Brown,30,5.3,4,Icy IceCream Stand,1,Running,5,1/9/19,20
171,47,Mary,Frank,20,5.1,4,Icy IceCream Stand,1,Running,5,1/2/19,20
664,7,Jack,Frank,20,5.1,4,Icy IceCream Stand,1,Running,5,1/9/19,20
785,34,James,Brown,30,5.3,3,Quick Burgers and Fries,1,Running,15,1/9/19,20
789,43,Susan,White,25,5.2,2,Lousy LogFlume,3,Running,5,2/2/19,20
183,36,Margaret,Lewis,15,5.0,1,Rowdy RollerCoaster,5,Running,2,1/2/19,20
102,48,Pat,White,25,5.2,5,Trusty Theatre,15,Running,1,2/2/19,20
591,35,Daniel,LeVon,35,5.4,1,Rowdy RollerCoaster,5,Running,2,1/2/19,20
480,46,Charlotte,Lewis,15,5.0,2,Lousy LogFlume,3,Running,5,1/2/19,20
520,33,Mike,White,25,5.2,4,Icy IceCream Stand,1,Running,5,1/9/19,20
173,49,Neil,Brown,30,5.3,2,Lousy LogFlume,3,Running,5,1/9/19,20
210,5,Janice,LeVon,35,5.4,3,Quick Burgers and Fries,1,Running,15,1/9/19,20
511,33,Mike,White,25,5.2,1,Rowdy RollerCoaster,5,Running,2,1/9/19,20
743,25,Damian,LeVon,35,5.4,5,Trusty Theatre,15,Running,1,1/9/19,20
667,22,Reece,Frank,20,5.1,3,Quick Burgers and Fries,1,Running,15,1/9/19,20
482,30,Ethan,LeVon,35,5.4,1,Rowdy RollerCoaster,5,Running,2,2/2/19,20
328,48,Pat,White,25,5.2,1,Rowdy RollerCoaster,5,Running,2,2/2/19,20
842,30,Ethan,LeVon,35,5.4,5,Trusty Theatre,15,Running,1,1/9/19,20
746,14,James,Brown,30,5.3,4,Icy IceCream Stand,1,Running,5,1/9/19,20
371,16,Jake,Lewis,15,5.0,2,Lousy LogFlume,3,Running,5,2/2/19,20
390,37,Emma,Frank,20,5.1,2,Lousy LogFlume,3,Running,5,1/9/19,20
260,37,Emma,Frank,20,5.1,4,Icy IceCream Stand,1,Running,5,2/2/19,20
453,19,Jacob,Brown,30,5.3,1,Rowdy RollerCoaster,5,Running,2,1/2/19,20
126,3,Mike,White,25,5.2,4,Icy IceCream Stand,1,Running,5,2/2/19,20
391,46,Charlotte,Lewis,15,5.0,4,Icy IceCream Stand,1,Running,5,1/2/19,20
673,7,Jack,Frank,20,5.1,2,Lousy LogFlume,3,Running,5,2/2/19,20
351,6,Oliver,Lewis,15,5.0,2,Lousy LogFlume,3,Running,5,1/9/19,20
715,29,William,Brown,30,5.3,2,Lousy LogFlume,3,Running,5,2/2/19,20
902,5,Janice,LeVon,35,5.4,1,Rowdy RollerCoaster,5,Running,2,2/2/19,20
457,10,Charlie,LeVon,35,5.4,1,Rowdy RollerCoaster,5,Running,2,2/2/19,20
207,25,Damian,LeVon,35,5.4,1,Rowdy RollerCoaster,5,Running,2,1/2/19,20
74,14,James,Brown,30,5.3,2,Lousy LogFlume,3,Running,5,1/2/19,20
125,3,Mike,White,25,5.2,1,Rowdy RollerCoaster,5,Running,2,1/9/19,20
432,34,James,Brown,30,5.3,1,Rowdy RollerCoaster,5,Running,2,2/2/19,20
934,9,Jacob,Brown,30,5.3,3,Quick Burgers and Fries,1,Running,15,1/2/19,20
490,1,Alex,Lewis,15,5.0,4,Icy IceCream Stand,1,Running,5,1/9/19,20
350,8,Harry,White,25,5.2,3,Quick Burgers and Fries,1,Running,15,2/2/19,20
424,38,Sophia,White,25,5.2,1,Rowdy RollerCoaster,5,Running,2,1/2/19,20
467,40,Elizabeth,LeVon,35,5.4,1,Rowdy RollerCoaster,5,Running,2,2/2/19,20
493,46,Charlotte,Lewis,15,5.0,1,Rowdy RollerCoaster,5,Running,2,1/2/19,20
761,22,Reece,Frank,20,5.1,3,Quick Burgers and Fries,1,Running,15,2/2/19,20
158,12,George,Frank,20,5.1,3,Quick Burgers and Fries,1,Running,15,1/2/19,20
400,14,James,Brown,30,5.3,2,Lousy LogFlume,3,Running,5,2/2/19,20
984,10,Charlie,LeVon,35,5.4,1,Rowdy RollerCoaster,5,Running,2,1/2/19,20
85,26,Noah,Lewis,15,5.0,5,Trusty Theatre,15,Running,1,1/2/19,20
613,24,Charlie,Brown,30,5.3,4,Icy IceCream Stand,1,Running,5,1/9/19,20
193,21,Joe,Lewis,15,5.0,5,Trusty Theatre,15,Running,1,1/9/19,20
567,23,Rhys,White,25,5.2,3,Quick Burgers and Fries,1,Running,15,2/2/19,20
86,16,Jake,Lewis,15,5.0,5,Trusty Theatre,15,Running,1,1/2/19,20
68,28,Jacob,White,25,5.2,4,Icy IceCream Stand,1,Running,5,2/2/19,21
230,5,Janice,LeVon,35,5.4,4,Icy IceCream Stand,1,Running,5,2/2/19,21
196,7,Jack,Frank,20,5.1,1,Rowdy RollerCoaster,5,Running,2,2/2/19,21
97,18,Connor,White,25,5.2,5,Trusty Theatre,15,Running,1,1/9/19,21
415,7,Jack,Frank,20,5.1,5,Trusty Theatre,15,Running,1,1/2/19,21
779,45,Isabella,LeVon,35,5.4,3,Quick Burgers and Fries,1,Running,15,2/2/19,21
13,24,Charlie,Brown,30,5.3,2,Lousy LogFlume,3,Running,5,1/2/19,21
89,43,Susan,White,25,5.2,5,Trusty Theatre,15,Running,1,2/2/19,21
709,6,Oliver,Lewis,15,5.0,1,Rowdy RollerCoaster,5,Running,2,1/2/19,21
146,40,Elizabeth,LeVon,35,5.4,5,Trusty Theatre,15,Running,1,1/2/19,21
847,41,Amelia,Lewis,15,5.0,1,Rowdy RollerCoaster,5,Running,2,1/9/19,21
533,25,Damian,LeVon,35,5.4,1,Rowdy RollerCoaster,5,Running,2,1/2/19,21
878,20,Kyle,LeVon,35,5.4,1,Rowdy RollerCoaster,5,Running,2,1/2/19,21
889,36,Margaret,Lewis,15,5.0,1,Rowdy RollerCoaster,5,Running,2,1/9/19,21
387,1,Alex,Lewis,15,5.0,2,Lousy LogFlume,3,Running,5,1/2/19,21
443,12,George,Frank,20,5.1,5,Trusty Theatre,15,Running,1,2/2/19,21
77,23,Rhys,White,25,5.2,5,Trusty Theatre,15,Running,1,2/2/19,21
261,40,Elizabeth,LeVon,35,5.4,3,Quick Burgers and Fries,1,Running,15,1/2/19,21
162,3,Mike,White,25,5.2,1,Rowdy RollerCoaster,5,Running,2,1/9/19,21
305,26,Noah,Lewis,15,5.0,2,Lousy LogFlume,3,Running,5,2/2/19,21
501,9,Jacob,Brown,30,5.3,2,Lousy LogFlume,3,Running,5,1/2/19,21
587,36,Margaret,Lewis,15,5.0,4,Icy IceCream Stand,1,Running,5,1/9/19,21
363,29,William,Brown,30,5.3,1,Rowdy RollerCoaster,5,Running,2,1/9/19,21
512,17,Callum,Frank,20,5.1,1,Rowdy RollerCoaster,5,Running,2,1/2/19,21
352,38,Sophia,White,25,5.2,4,Icy IceCream Stand,1,Running,5,2/2/19,21
931,19,Jacob,Brown,30,5.3,3,Quick Burgers and Fries,1,Running,15,1/2/19,21
753,31,Michael,Lewis,15,5.0,2,Lousy LogFlume,3,Running,5,2/2/19,21
563,41,Amelia,Lewis,15,5.0,3,Quick Burgers and Fries,1,Running,15,1/2/19,21
280,44,Jessica,Brown,30,5.3,2,Lousy LogFlume,3,Running,5,2/2/19,21
959,8,Harry,White,25,5.2,4,Icy IceCream Stand,1,Running,5,1/2/19,21
294,33,Mike,White,25,5.2,2,Lousy LogFlume,3,Running,5,1/9/19,21
762,18,Connor,White,25,5.2,5,Trusty Theatre,15,Running,1,1/9/19,21
113,23,Rhys,White,25,5.2,5,Trusty Theatre,15,Running,1,1/2/19,21
982,9,Jacob,Brown,30,5.3,5,Trusty Theatre,15,Running,1,1/2/19,21
194,3,Mike,White,25,5.2,1,Rowdy RollerCoaster,5,Running,2,2/2/19,21
851,38,Sophia,White,25,5.2,5,Trusty Theatre,15,Running,1,2/2/19,22
853,39,Patricia,Brown,30,5.3,5,Trusty Theatre,15,Running,1,1/2/19,22
654,36,Margaret,Lewis,15,5.0,5,Trusty Theatre,15,Running,1,1/2/19,22
860,28,Jacob,White,25,5.2,3,Quick Burgers and Fries,1,Running,15,1/9/19,22
372,11,Thomas,Lewis,15,5.0,3,Quick Burgers and Fries,1,Running,15,2/2/19,22
219,41,Amelia,Lewis,15,5.0,2,Lousy LogFlume,3,Running,5,1/2/19,22
255,14,James,Brown,30,5.3,3,Quick Burgers and Fries,1,Running,15,2/2/19,22
871,25,Damian,LeVon,35,5.4,3,Quick Burgers and Fries,1,Running,15,1/9/19,22
872,27,Liam,Frank,20,5.1,3,Quick Burgers and Fries,1,Running,15,2/2/19,22
306,49,Neil,Brown,30,5.3,3,Quick Burgers and Fries,1,Running,15,1/2/19,22
434,21,Joe,Lewis,15,5.0,4,Icy IceCream Stand,1,Running,5,1/2/19,22
765,32,Alexander,Frank,20,5.1,3,Quick Burgers and Fries,1,Running,15,1/2/19,22
790,32,Alexander,Frank,20,5.1,5,Trusty Theatre,15,Running,1,1/9/19,22
706,27,Liam,Frank,20,5.1,5,Trusty Theatre,15,Running,1,1/9/19,22
208,40,Elizabeth,LeVon,35,5.4,4,Icy IceCream Stand,1,Running,5,1/2/19,22
288,32,Alexander,Frank,20,5.1,1,Rowdy RollerCoaster,5,Running,2,2/2/19,22
78,11,Thomas,Lewis,15,5.0,2,Lousy LogFlume,3,Running,5,2/2/19,22
704,28,Jacob,White,25,5.2,5,Trusty Theatre,15,Running,1,1/2/19,22
905,23,Rhys,White,25,5.2,3,Quick Burgers and Fries,1,Running,15,1/2/19,22
181,21,Joe,Lewis,15,5.0,1,Rowdy RollerCoaster,5,Running,2,1/2/19,22
907,20,Kyle,LeVon,35,5.4,1,Rowdy RollerCoaster,5,Running,2,1/9/19,22
557,19,Jacob,Brown,30,5.3,2,Lousy LogFlume,3,Running,5,1/9/19,22
474,23,Rhys,White,25,5.2,2,Lousy LogFlume,3,Running,5,1/9/19,22
633,22,Reece,Frank,20,5.1,1,Rowdy RollerCoaster,5,Running,2,2/2/19,22
527,9,Jacob,Brown,30,5.3,2,Lousy LogFlume,3,Running,5,2/2/19,22
278,24,Charlie,Brown,30,5.3,3,Quick Burgers and Fries,1,Running,15,1/9/19,22
600,22,Reece,Frank,20,5.1,5,Trusty Theatre,15,Running,1,1/2/19,22
272,37,Emma,Frank,20,5.1,5,Trusty Theatre,15,Running,1,2/2/19,22
919,23,Rhys,White,25,5.2,2,Lousy LogFlume,3,Running,5,1/2/19,22
637,20,Kyle,LeVon,35,5.4,5,Trusty Theatre,15,Running,1,1/2/19,22
164,9,Jacob,Brown,30,5.3,3,Quick Burgers and Fries,1,Running,15,1/2/19,22
61,8,Harry,White,25,5.2,1,Rowdy RollerCoaster,5,Running,2,2/2/19,22
839,39,Patricia,Brown,30,5.3,5,Trusty Theatre,15,Running,1,1/2/19,22
312,16,Jake,Lewis,15,5.0,1,Rowdy RollerCoaster,5,Running,2,1/2/19,22
643,6,Oliver,Lewis,15,5.0,5,Trusty Theatre,15,Running,1,1/9/19,22
757,3,Mike,White,25,5.2,1,Rowdy RollerCoaster,5,Running,2,1/9/19,22
65,22,Reece,Frank,20,5.1,4,Icy IceCream Stand,1,Running,5,2/2/19,22
362,33,Mike,White,25,5.2,3,Quick Burgers and Fries,1,Running,15,1/9/19,22
157,10,Charlie,LeVon,35,5.4,5,Trusty Theatre,15,Running,1,1/2/19,22
339,19,Jacob,Brown,30,5.3,4,Icy IceCream Stand,1,Running,5,2/2/19,22
399,47,Mary,Frank,20,5.1,5,Trusty Theatre,15,Running,1,1/9/19,22
805,33,Mike,White,25,5.2,5,Trusty Theatre,15,Running,1,1/2/19,22
349,41,Amelia,Lewis,15,5.0,4,Icy IceCream Stand,1,Running,5,1/2/19,22
977,11,Thomas,Lewis,15,5.0,2,Lousy LogFlume,3,Running,5,1/9/19,22
653,13,Oscar,White,25,5.2,4,Icy IceCream Stand,1,Running,5,2/2/19,22
401,14,James,Brown,30,5.3,2,Lousy LogFlume,3,Running,5,1/2/19,22
773,1,Alex,Lewis,15,5.0,2,Lousy LogFlume,3,Running,5,1/9/19,22
985,49,Neil,Brown,30,5.3,2,Lousy LogFlume,3,Running,5,2/2/19,22
84,48,Pat,White,25,5.2,1,Rowdy RollerCoaster,5,Running,2,2/2/19,22
367,3,Mike,White,25,5.2,2,Lousy LogFlume,3,Running,5,2/2/19,22
456,40,Elizabeth,LeVon,35,5.4,2,Lousy LogFlume,3,Running,5,2/2/19,23
506,47,Mary,Frank,20,5.1,3,Quick Burgers and Fries,1,Running,15,1/2/19,23
517,8,Harry,White,25,5.2,4,Icy IceCream Stand,1,Running,5,2/2/19,23
832,41,Amelia,Lewis,15,5.0,2,Lousy LogFlume,3,Running,5,1/2/19,23
708,17,Callum,Frank,20,5.1,4,Icy IceCream Stand,1,Running,5,1/2/19,23
850,30,Ethan,LeVon,35,5.4,2,Lousy LogFlume,3,Running,5,2/2/19,23
669,21,Joe,Lewis,15,5.0,4,Icy IceCream Stand,1,Running,5,2/2/19,23
834,45,Isabella,LeVon,35,5.4,1,Rowdy RollerCoaster,5,Running,2,1/9/19,23
19,45,Isabella,LeVon,35,5.4,3,Quick Burgers and Fries,1,Running,15,1/9/19,23
489,44,Jessica,Brown,30,5.3,4,Icy IceCream Stand,1,Running,5,1/9/19,23
875,35,Daniel,LeVon,35,5.4,4,Icy IceCream Stand,1,Running,5,2/2/19,23
923,49,Neil,Brown,30,5.3,4,Icy IceCream Stand,1,Running,5,1/9/19,23
544,4,Steve,Brown,30,5.3,3,Quick Burgers and Fries,1,Running,15,1/9/19,23
574,49,Neil,Brown,30,5.3,3,Quick Burgers and Fries,1,Running,15,1/2/19,23
837,50,Linda,LeVon,35,5.4,5,Trusty Theatre,15,Running,1,1/2/19,23
101,10,Charlie,LeVon,35,5.4,2,Lousy LogFlume,3,Running,5,1/9/19,23
663,27,Liam,Frank,20,5.1,4,Icy IceCream Stand,1,Running,5,2/2/19,23
225,17,Callum,Frank,20,5.1,3,Quick Burgers and Fries,1,Running,15,1/9/19,23
335,47,Mary,Frank,20,5.1,3,Quick Burgers and Fries,1,Running,15,1/9/19,23
939,2,John,Frank,20,5.1,1,Rowdy RollerCoaster,5,Running,2,1/9/19,23
648,6,Oliver,Lewis,15,5.0,4,Icy IceCream Stand,1,Running,5,1/9/19,23
383,24,Charlie,Brown,30,5.3,4,Icy IceCream Stand,1,Running,5,1/9/19,23
397,8,Harry,White,25,5.2,5,Trusty Theatre,15,Running,1,2/2/19,23
581,5,Janice,LeVon,35,5.4,2,Lousy LogFlume,3,Running,5,1/9/19,23
60,2,John,Frank,20,5.1,4,Icy IceCream Stand,1,Running,5,2/2/19,23
841,3,Mike,White,25,5.2,4,Icy IceCream Stand,1,Running,5,1/2/19,23
471,36,Margaret,Lewis,15,5.0,4,Icy IceCream Stand,1,Running,5,1/2/19,23
7,15,William,LeVon,35,5.4,2,Lousy LogFlume,3,Running,5,1/2/19,23
645,1,Alex,Lewis,15,5.0,5,Trusty Theatre,15,Running,1,1/9/19,23
861,37,Emma,Frank,20,5.1,5,Trusty Theatre,15,Running,1,1/2/19,23
892,32,Alexander,Frank,20,5.1,5,Trusty Theatre,15,Running,1,1/2/19,23
615,39,Patricia,Brown,30,5.3,4,Icy IceCream Stand,1,Running,5,2/2/19,23
174,4,Steve,Brown,30,5.3,5,Trusty Theatre,15,Running,1,1/9/19,23
431,6,Oliver,Lewis,15,5.0,1,Rowdy RollerCoaster,5,Running,2,1/9/19,23
592,44,Jessica,Brown,30,5.3,5,Trusty Theatre,15,Running,1,2/2/19,23
992,28,Jacob,White,25,5.2,3,Quick Burgers and Fries,1,Running,15,1/2/19,23
997,11,Thomas,Lewis,15,5.0,3,Quick Burgers and Fries,1,Running,15,2/2/19,23
622,46,Charlotte,Lewis,15,5.0,1,Rowdy RollerCoaster,5,Running,2,1/9/19,23
866,50,Linda,LeVon,35,5.4,2,Lousy LogFlume,3,Running,5,2/2/19,24
628,41,Amelia,Lewis,15,5.0,4,Icy IceCream Stand,1,Running,5,1/2/19,24
868,30,Ethan,LeVon,35,5.4,5,Trusty Theatre,15,Running,1,2/2/19,24
410,25,Damian,LeVon,35,5.4,4,Icy IceCream Stand,1,Running,5,1/9/19,24
941,16,Jake,Lewis,15,5.0,3,Quick Burgers and Fries,1,Running,15,1/2/19,24
182,11,Thomas,Lewis,15,5.0,4,Icy IceCream Stand,1,Running,5,1/9/19,24
680,13,Oscar,White,25,5.2,2,Lousy LogFlume,3,Running,5,2/2/19,24
573,45,Isabella,LeVon,35,5.4,2,Lousy LogFlume,3,Running,5,1/2/19,24
579,44,Jessica,Brown,30,5.3,3,Quick Burgers and Fries,1,Running,15,1/9/19,24
886,32,Alexander,Frank,20,5.1,5,Trusty Theatre,15,Running,1,2/2/19,24
322,26,Noah,Lewis,15,5.0,1,Rowdy RollerCoaster,5,Running,2,2/2/19,24
661,11,Thomas,Lewis,15,5.0,2,Lousy LogFlume,3,Running,5,2/2/19,24
388,38,Sophia,White,25,5.2,5,Trusty Theatre,15,Running,1,1/9/19,24
630,16,Jake,Lewis,15,5.0,3,Quick Burgers and Fries,1,Running,15,1/2/19,24
105,5,Janice,LeVon,35,5.4,4,Icy IceCream Stand,1,Running,5,1/2/19,24
405,18,Connor,White,25,5.2,5,Trusty Theatre,15,Running,1,2/2/19,24
566,43,Susan,White,25,5.2,2,Lousy LogFlume,3,Running,5,1/9/19,24
899,6,Oliver,Lewis,15,5.0,5,Trusty Theatre,15,Running,1,1/2/19,24
59,43,Susan,White,25,5.2,3,Quick Burgers and Fries,1,Running,15,2/2/19,24
983,13,Oscar,White,25,5.2,5,Trusty Theatre,15,Running,1,1/9/19,24
774,15,William,LeVon,35,5.4,3,Quick Burgers and Fries,1,Running,15,1/9/19,24
865,6,Oliver,Lewis,15,5.0,4,Icy IceCream Stand,1,Running,5,2/2/19,24
466,1,Alex,Lewis,15,5.0,2,Lousy LogFlume,3,Running,5,2/2/19,24
987,50,Linda,LeVon,35,5.4,5,Trusty Theatre,15,Running,1,2/2/19,24
187,30,Ethan,LeVon,35,5.4,2,Lousy LogFlume,3,Running,5,1/2/19,24
238,29,William,Brown,30,5.3,3,Quick Burgers and Fries,1,Running,15,1/2/19,24
904,2,John,Frank,20,5.1,2,Lousy LogFlume,3,Running,5,2/2/19,24
353,1,Alex,Lewis,15,5.0,2,Lousy LogFlume,3,Running,5,1/9/19,24
770,9,Jacob,Brown,30,5.3,2,Lousy LogFlume,3,Running,5,2/2/19,24
641,28,Jacob,White,25,5.2,1,Rowdy RollerCoaster,5,Running,2,1/2/19,24
263,40,Elizabeth,LeVon,35,5.4,4,Icy IceCream Stand,1,Running,5,1/2/19,25
205,30,Ethan,LeVon,35,5.4,3,Quick Burgers and Fries,1,Running,15,1/9/19,25
759,50,Linda,LeVon,35,5.4,5,Trusty Theatre,15,Running,1,1/9/19,25
880,18,Connor,White,25,5.2,1,Rowdy RollerCoaster,5,Running,2,1/9/19,25
681,23,Rhys,White,25,5.2,4,Icy IceCream Stand,1,Running,5,1/9/19,25
185,25,Damian,LeVon,35,5.4,4,Icy IceCream Stand,1,Running,5,1/2/19,25
507,10,Charlie,LeVon,35,5.4,2,Lousy LogFlume,3,Running,5,2/2/19,25
582,24,Charlie,Brown,30,5.3,2,Lousy LogFlume,3,Running,5,2/2/19,25
877,14,James,Brown,30,5.3,5,Trusty Theatre,15,Running,1,1/2/19,25
161,37,Emma,Frank,20,5.1,3,Quick Burgers and Fries,1,Running,15,1/2/19,25
852,23,Rhys,White,25,5.2,5,Trusty Theatre,15,Running,1,1/2/19,25
712,26,Noah,Lewis,15,5.0,5,Trusty Theatre,15,Running,1,1/2/19,25
844,44,Jessica,Brown,30,5.3,5,Trusty Theatre,15,Running,1,1/9/19,25
483,14,James,Brown,30,5.3,5,Trusty Theatre,15,Running,1,1/2/19,25
788,18,Connor,White,25,5.2,5,Trusty Theatre,15,Running,1,2/2/19,25
755,40,Elizabeth,LeVon,35,5.4,4,Icy IceCream Stand,1,Running,5,1/2/19,25
510,13,Oscar,White,25,5.2,4,Icy IceCream Stand,1,Running,5,1/2/19,25
783,40,Elizabeth,LeVon,35,5.4,3,Quick Burgers and Fries,1,Running,15,1/2/19,25
792,2,John,Frank,20,5.1,2,Lousy LogFlume,3,Running,5,1/9/19,25
236,19,Jacob,Brown,30,5.3,3,Quick Burgers and Fries,1,Running,15,2/2/19,25
636,31,Michael,Lewis,15,5.0,1,Rowdy RollerCoaster,5,Running,2,2/2/19,25
69,44,Jessica,Brown,30,5.3,4,Icy IceCream Stand,1,Running,5,2/2/19,25
748,9,Jacob,Brown,30,5.3,4,Icy IceCream Stand,1,Running,5,1/9/19,25
491,45,Isabella,LeVon,35,5.4,3,Quick Burgers and Fries,1,Running,15,1/9/19,25
393,8,Harry,White,25,5.2,1,Rowdy RollerCoaster,5,Running,2,1/2/19,25
651,20,Kyle,LeVon,35,5.4,5,Trusty Theatre,15,Running,1,1/9/19,25
30,23,Rhys,White,25,5.2,4,Icy IceCream Stand,1,Running,5,1/9/19,25
98,2,John,Frank,20,5.1,4,Icy IceCream Stand,1,Running,5,1/2/19,25
27,32,Alexander,Frank,20,5.1,5,Trusty Theatre,15,Running,1,2/2/19,25
300,45,Isabella,LeVon,35,5.4,5,Trusty Theatre,15,Running,1,1/2/19,25
777,27,Liam,Frank,20,5.1,3,Quick Burgers and Fries,1,Running,15,1/2/19,25
99,23,Rhys,White,25,5.2,5,Trusty Theatre,15,Running,1,2/2/19,25
812,41,Amelia,Lewis,15,5.0,3,Quick Burgers and Fries,1,Running,15,1/2/19,25
309,1,Alex,Lewis,15,5.0,1,Rowdy RollerCoaster,5,Running,2,1/2/19,25
723,9,Jacob,Brown,30,5.3,1,Rowdy RollerCoaster,5,Running,2,2/2/19,25

CustID,RideTime,FoodTime,ShowTime,TotalTime
1,165,48,241,2382
2,145,142,168,2023
3,214,103,237,3318
4,66,60,137,999
5,126,181,157,2257
6,140,109,217,2158
7,86,68,126,879
8,92,130,148,1409
9,113,172,177,2082
10,152,68,194,1859
11,119,155,139,1633
12,62,107,101,1003
13,104,127,139,1444
14,159,132,236,2916
15,83,60,115,923
16,117,55,202,1800
17,91,120,128,1319
18,73,21,222,1615
19,83,155,107,1291
20,113,63,165,1342
21,82,94,150,1392
22,66,96,106,812
23,104,180,242,2692
24,130,137,163,1939
25,101,90,136,1244
26,130,0,204,1623
27,62,135,108,1107
28,97,90,137,1107
29,86,107,136,1285
30,142,78,229,2266
31,135,26,140,1315
32,85,152,202,2123
33,84,80,126,915
34,22,86,54,401
35,78,33,113,729
36,86,89,137,1131
37,101,87,201,1829
38,82,88,142,1117
39,34,81,97,642
40,148,196,185,2592
41,96,104,144,1223
42,57,72,79,666
43,141,55,178,1664
44,54,228,122,1986
45,85,112,125,986
46,175,91,191,2372
47,53,114,92,796
48,127,60,192,1875
49,72,142,86,996
50,79,27,169,1034
